Rk,Player,Pos,Age,Tm,G,GS,MP,FG,FGA,FG%,3P,3PA,3P%,2P,2PA,2P%,eFG%,FT,FTA,FT%,ORB,DRB,TRB,AST,STL,BLK,TOV,PF,PTS,Rk_x_Age,Rk_x_G,Rk_x_GS,Rk_x_MP,Age_x_G,Age_x_GS,Age_x_MP,G_x_GS,G_x_MP,pca_1,pca_2,pca_3,pca_4,pca_5
3.0,Nickeil Alexander-Walker,SG,25.0,MIN,16.0,1.0,23.6,2.6,7.0,0.366,1.5,5.1,0.296,1.1,1.9,0.548,0.473,0.6,0.6,1.0,0.3,1.4,1.8,2.3,0.6,0.4,0.9,1.5,7.3,75.0,48.0,3.0,70.80000000000001,400.0,25.0,590.0,16.0,377.6,0.9507838049267027,1.8641870618069099,-3.0543129660907393,0.9702578119193374,0.19411432353910432
7.0,Kyle Anderson,PF,30.0,MIN,15.0,1.0,15.4,1.7,3.8,0.456,0.1,0.5,0.25,1.6,3.3,0.49,0.474,0.7,0.8,0.833,1.2,1.5,2.7,2.5,0.7,0.3,0.7,1.7,4.3,210.0,105.0,7.0,107.8,450.0,30.0,462.0,15.0,231.0,0.713920496369326,0.41222599709034696,-3.2674211281203918,3.1317454138552883,2.066723250749459
9.0,Cole Anthony,PG,23.0,ORL,7.0,0.0,14.7,1.9,5.9,0.317,0.3,1.9,0.154,1.6,4.0,0.393,0.341,1.1,1.3,0.889,0.3,1.9,2.1,1.3,0.6,0.1,0.7,2.3,5.1,207.0,63.0,0.0,132.29999999999998,161.0,0.0,338.09999999999997,0.0,102.89999999999999,-4.563400069880593,0.998274578069992,-1.9062708317395514,-1.098914479675,-1.457777931297617
12.0,Nicolas Batum,PF,35.0,PHI,6.0,0.0,28.3,2.0,4.8,0.414,1.5,3.7,0.409,0.5,1.2,0.429,0.569,0.8,1.3,0.625,1.5,4.3,5.8,1.3,0.2,0.8,0.8,2.2,6.3,420.0,72.0,0.0,339.6,210.0,0.0,990.5,0.0,169.8,-0.6992262443089308,-2.153759874219025,-2.5773745640628283,0.1123860415992269,-0.6654647523935096
14.0,Malik Beasley,SG,27.0,MIL,6.0,2.0,21.8,3.5,6.8,0.512,1.8,4.2,0.44,1.7,2.7,0.625,0.646,0.0,0.0,0.0,0.2,2.3,2.5,0.7,0.7,0.0,0.5,1.5,8.8,378.0,84.0,28.0,305.2,162.0,54.0,588.6,12.0,130.8,-2.488451789627669,-0.14967330521743868,-2.3301103054788666,1.886124704593613,1.6112527878242058
18.0,Anthony Black,PG,20.0,ORL,2.0,0.0,5.5,1.5,3.5,0.429,0.0,1.0,0.0,1.5,2.5,0.6,0.429,0.0,0.0,0.0,0.5,0.5,1.0,1.0,0.5,0.0,0.5,0.5,3.0,360.0,36.0,0.0,99.0,40.0,0.0,110.0,0.0,11.0,-2.4425541506287742,-0.7333057637771279,1.2512572212944304,3.413752965489005,-2.4421001837979506
19.0,Bojan Bogdanovi?,SF,34.0,NYK,4.0,0.0,12.8,1.8,6.0,0.292,1.5,3.8,0.4,0.3,2.3,0.111,0.417,1.0,1.8,0.571,0.3,2.8,3.0,1.0,0.0,0.3,0.3,0.8,6.0,646.0,76.0,0.0,243.20000000000002,136.0,0.0,435.20000000000005,0.0,51.2,1.2455870581556894,4.142529481708244,-1.3746952336020566,-2.2086367634978563,-1.4776152367051871
20.0,Bol Bol,PF,24.0,PHO,3.0,0.0,4.3,0.3,1.0,0.333,0.0,0.0,0.0,0.3,1.0,0.333,0.333,0.0,0.0,0.0,0.0,1.3,1.3,0.0,0.3,0.0,0.0,0.7,0.7,480.0,60.0,0.0,86.0,72.0,0.0,103.19999999999999,0.0,12.899999999999999,-1.3477952829174722,2.526044835765614,-1.761969426880607,-0.8005309824404853,0.19687504003910836
22.0,Brandon Boston Jr.,SF,22.0,LAC,3.0,0.0,3.3,0.7,1.3,0.5,0.0,0.0,0.0,0.7,1.3,0.5,0.5,0.3,0.7,0.5,0.3,0.3,0.7,0.3,0.0,0.0,0.0,0.7,1.7,484.0,66.0,0.0,72.6,66.0,0.0,72.6,0.0,9.899999999999999,-2.178071991573669,0.4208235813587588,-0.9465187703777326,0.034091154836573004,-1.0302176609530227
23.0,Christian Braun,SG,22.0,DEN,12.0,0.0,17.0,1.9,4.5,0.426,0.3,1.5,0.222,1.6,3.0,0.528,0.463,0.9,1.3,0.688,0.8,1.9,2.7,0.8,0.2,0.4,0.1,1.5,5.1,506.0,276.0,0.0,391.0,264.0,0.0,374.0,0.0,204.0,1.8720092432215987,0.5120854429872503,1.7281322858729649,2.9159663821577753,-2.4437153582015116
26.0,Kendall Brown,SG,20.0,IND,7.0,0.0,3.6,0.3,0.9,0.333,0.0,0.0,0.0,0.3,0.9,0.333,0.333,0.0,0.0,0.0,0.0,0.4,0.4,0.3,0.0,0.1,0.4,0.3,0.6,520.0,182.0,0.0,93.60000000000001,140.0,0.0,72.0,0.0,25.2,-1.0371499955022565,0.5570830835819812,1.0963759555590804,1.9623331076818928,-2.5604934363739345
33.0,Amir Coffey,SF,26.0,LAC,6.0,3.0,18.7,1.2,3.7,0.318,0.5,1.8,0.273,0.7,1.8,0.364,0.386,0.0,0.0,0.0,0.3,1.3,1.7,0.3,0.3,0.2,0.8,1.0,2.8,858.0,198.0,99.0,617.1,156.0,78.0,486.2,18.0,112.19999999999999,-0.003335259046332461,3.289918577714299,1.300998184036125,-0.6142105058930717,-0.22262276990340218
35.0,Pat Connaughton,SF,31.0,MIL,6.0,0.0,20.7,1.8,4.2,0.44,0.5,1.8,0.273,1.3,2.3,0.571,0.5,0.3,0.3,1.0,0.5,3.3,3.8,2.2,1.0,0.2,0.5,1.0,4.5,1085.0,210.0,0.0,724.5,186.0,0.0,641.6999999999999,0.0,124.19999999999999,-3.8632355115797146,-1.4418966131812938,-0.8803942863431351,0.3175493241635514,-0.2288349859064827
36.0,Jae Crowder,PF,33.0,MIL,4.0,0.0,10.5,0.8,3.0,0.25,0.3,1.8,0.143,0.5,1.3,0.4,0.292,0.5,0.5,1.0,0.5,1.0,1.5,0.5,0.0,0.5,0.0,1.0,2.3,1188.0,144.0,0.0,378.0,132.0,0.0,346.5,0.0,42.0,1.6544249990803332,-1.7683635167038747,-0.10685183120179445,0.06344548734571738,-2.0693226294361122
37.0,Dyson Daniels,PG,20.0,NOP,3.0,0.0,5.7,0.7,2.0,0.333,0.0,0.7,0.0,0.7,1.3,0.5,0.333,0.0,0.0,0.0,0.0,0.7,0.7,0.0,0.7,0.0,0.3,0.0,1.3,740.0,111.0,0.0,210.9,60.0,0.0,114.0,0.0,17.1,-2.799029144576214,1.5839126038445148,-0.8962039144255828,-0.9414927455712429,2.0232516589991567
41.0,Spencer Dinwiddie,PG,30.0,LAL,5.0,0.0,14.6,1.0,2.8,0.357,0.4,1.6,0.25,0.6,1.2,0.5,0.429,0.6,1.2,0.5,0.2,1.2,1.4,1.6,0.4,0.2,0.2,1.4,3.0,1230.0,205.0,0.0,598.6,150.0,0.0,438.0,0.0,73.0,7.102752474323962,4.0147463084859325,-0.22177471580505853,-0.3949731375938305,0.7757196269707166
48.0,Drew Eubanks,C,26.0,PHO,3.0,0.0,12.3,2.3,4.0,0.583,0.0,0.0,0.0,2.3,4.0,0.583,0.583,1.0,1.0,1.0,0.0,1.3,1.3,0.0,0.7,0.3,0.7,2.0,5.7,1248.0,144.0,0.0,590.4000000000001,78.0,0.0,319.8,0.0,36.900000000000006,-4.6280585908226906,-0.9639522711476722,0.5871629617271323,-1.077051195910992,-1.4456508440724252
49.0,Dante Exum,PG,28.0,DAL,21.0,0.0,6.9,0.8,2.1,0.364,0.3,1.0,0.35,0.4,1.1,0.375,0.443,0.2,0.3,0.667,0.1,0.7,0.8,0.6,0.1,0.0,0.2,0.4,2.0,1372.0,1029.0,0.0,338.1,588.0,0.0,193.20000000000002,0.0,144.9,1.6440819545165748,-0.39947855477066874,0.8575097067350194,0.34120190008283047,-0.08632119183138708
50.0,Markelle Fultz,PG,25.0,ORL,7.0,0.0,15.1,2.9,4.9,0.588,0.0,0.1,0.0,2.9,4.7,0.606,0.588,0.7,1.3,0.556,1.0,1.0,2.0,1.1,0.4,0.0,1.1,1.7,6.4,1250.0,350.0,0.0,755.0,175.0,0.0,377.5,0.0,105.7,-2.5946527950777063,-0.7466906802596047,0.7274177643543757,0.8558593849758841,0.39434299295462805
52.0,Danilo Gallinari,SF,35.0,MIL,3.0,0.0,12.3,1.3,2.7,0.5,0.0,0.7,0.0,1.3,2.0,0.667,0.5,1.0,1.3,0.75,0.3,2.7,3.0,0.7,0.0,0.0,0.3,0.0,3.7,1820.0,156.0,0.0,639.6,105.0,0.0,430.5,0.0,36.900000000000006,-0.7396295902081732,-0.9839810866612921,0.7748589050584208,1.6167039983997014,2.3486792935774896
56.0,Josh Giddey,SG,21.0,OKC,10.0,8.0,18.1,3.4,7.5,0.453,1.2,3.4,0.353,2.2,4.1,0.537,0.533,0.7,0.8,0.875,0.7,2.9,3.6,2.1,0.2,0.4,1.2,0.9,8.7,1176.0,560.0,448.0,1013.6000000000001,210.0,168.0,380.1,80.0,181.0,5.1587413892450815,-3.9386011947901354,0.32933162340154976,-2.471812326967959,-0.8481040331655781
61.0,A.J. Green,SG,24.0,MIL,6.0,0.0,11.2,1.0,2.7,0.375,0.3,1.8,0.182,0.7,0.8,0.8,0.438,0.5,0.5,1.0,0.0,1.5,1.5,0.3,0.0,0.0,0.2,1.5,2.8,1464.0,366.0,0.0,683.1999999999999,144.0,0.0,268.79999999999995,0.0,67.19999999999999,3.129033705116212,-0.111802460956279,4.0230483456775765,2.2481842372173926,-1.0112678564151534
62.0,Josh Green,SG,23.0,DAL,22.0,0.0,18.1,1.6,3.9,0.424,1.0,2.7,0.39,0.6,1.2,0.5,0.559,0.6,0.9,0.737,1.0,1.6,2.5,1.0,0.8,0.1,0.3,1.3,5.0,1426.0,1364.0,0.0,1122.2,506.0,0.0,416.3,0.0,398.20000000000005,-4.658963744821421,0.8804576631146745,0.9745394891831289,-3.182521992480394,-1.2379499960161338
63.0,Rui Hachimura,PF,25.0,LAL,5.0,5.0,30.4,3.0,7.6,0.395,1.0,2.8,0.357,2.0,4.8,0.417,0.461,0.8,1.6,0.5,1.2,2.6,3.8,0.8,0.0,0.0,0.4,1.6,7.8,1575.0,315.0,315.0,1915.1999999999998,125.0,125.0,760.0,25.0,152.0,-2.4634028209516643,0.6192220022137854,0.9182963984016759,-1.6667105676051774,1.5258026158442282
65.0,Tim Hardaway Jr.,SF,31.0,DAL,14.0,0.0,12.7,1.6,4.1,0.379,0.9,2.6,0.351,0.6,1.5,0.429,0.491,0.3,0.6,0.5,0.1,1.6,1.8,0.4,0.4,0.1,0.1,0.7,4.4,2015.0,910.0,0.0,825.5,434.0,0.0,393.7,0.0,177.79999999999998,-1.6487892480929291,-1.9716392041994413,0.6491541527413955,-0.5358025743584199,0.6351863191425562
67.0,Jaden Hardy,SG,21.0,DAL,19.0,0.0,6.8,1.5,3.6,0.426,0.6,1.4,0.407,0.9,2.2,0.439,0.507,0.6,0.8,0.733,0.1,0.7,0.8,0.9,0.2,0.0,0.4,0.7,4.2,1407.0,1273.0,0.0,455.59999999999997,399.0,0.0,142.79999999999998,0.0,129.2,3.3313315576088147,-1.742842559167187,3.545435293604298,0.017372480802856246,-1.2408836095111635
68.0,Gary Harris,SG,29.0,ORL,6.0,6.0,26.5,1.3,4.7,0.286,1.2,3.7,0.318,0.2,1.0,0.167,0.411,0.3,0.3,1.0,0.8,1.2,2.0,0.7,1.2,0.5,0.3,3.0,4.2,1972.0,408.0,408.0,1802.0,174.0,174.0,768.5,36.0,159.0,-2.199482616840097,-0.44720916402266675,1.247032312190583,0.09824589933063411,1.5863475437262555
72.0,Sam Hauser,SF,26.0,BOS,19.0,0.0,14.9,1.9,4.4,0.429,1.4,3.7,0.38,0.5,0.7,0.692,0.589,0.2,0.2,1.0,0.4,1.7,2.2,0.6,0.3,0.2,0.2,1.1,5.4,1872.0,1368.0,0.0,1072.8,494.0,0.0,387.40000000000003,0.0,283.1,-2.2031317323099877,-0.08399391388111543,2.653477912125243,-0.3804654069606466,1.5938689320725246
77.0,Buddy Hield,SG,31.0,PHI,4.0,0.0,12.8,1.8,4.3,0.412,1.5,3.3,0.462,0.3,1.0,0.25,0.588,0.5,0.5,1.0,0.5,0.8,1.3,0.5,0.0,0.3,0.5,1.0,5.5,2387.0,308.0,0.0,985.6,124.0,0.0,396.8,0.0,51.2,-4.284299447803401,-1.3220468708049244,1.7385263845946397,-0.5015562791877651,0.5023480338855058
78.0,Haywood Highsmith,PF,27.0,MIA,5.0,0.0,25.2,2.0,5.6,0.357,0.6,3.2,0.188,1.4,2.4,0.583,0.411,0.2,0.2,1.0,0.4,2.4,2.8,1.6,0.2,0.2,0.8,2.8,4.8,2106.0,390.0,0.0,1965.6,135.0,0.0,680.4,0.0,126.0,0.6626960641736153,-1.2653695158839662,2.429215919182392,-0.2322493457458365,0.1439240055734567
86.0,Joe Ingles,SF,36.0,ORL,7.0,0.0,9.7,0.6,1.7,0.333,0.3,1.0,0.286,0.3,0.7,0.4,0.417,0.1,0.3,0.5,0.3,1.6,1.9,1.7,0.4,0.0,0.0,0.4,1.6,3096.0,602.0,0.0,834.1999999999999,252.0,0.0,349.2,0.0,67.89999999999999,,,,,
90.0,Andre Jackson Jr.,SG,22.0,MIL,5.0,0.0,12.0,1.0,2.2,0.455,0.4,1.2,0.333,0.6,1.0,0.6,0.545,0.0,0.0,0.0,1.0,1.2,2.2,2.0,1.0,0.2,0.6,2.0,2.4,1980.0,450.0,0.0,1080.0,110.0,0.0,264.0,0.0,60.0,,,,,
91.0,Isaiah Jackson,C,22.0,IND,15.0,0.0,10.3,1.5,2.9,0.535,0.0,0.0,0.0,1.5,2.9,0.535,0.535,0.7,1.2,0.611,1.4,1.8,3.2,0.5,0.2,0.9,0.3,1.6,3.8,2002.0,1365.0,0.0,937.3000000000001,330.0,0.0,226.60000000000002,0.0,154.5,,,,,
92.0,Reggie Jackson,PG,33.0,DEN,12.0,0.0,9.8,1.3,4.0,0.333,0.7,1.9,0.348,0.7,2.1,0.32,0.417,0.2,0.2,1.0,0.2,1.1,1.3,1.0,0.2,0.1,0.7,1.0,3.5,3036.0,1104.0,0.0,901.6,396.0,0.0,323.40000000000003,0.0,117.60000000000001,,,,,
95.0,DaQuan Jeffries,SG,26.0,NYK,4.0,0.0,5.0,0.8,2.0,0.375,0.5,1.3,0.4,0.3,0.8,0.333,0.5,0.0,0.0,0.0,0.3,0.8,1.0,0.0,0.3,0.0,0.0,0.5,2.0,2470.0,380.0,0.0,475.0,104.0,0.0,130.0,0.0,20.0,,,,,
96.0,Isaiah Joe,SG,24.0,OKC,10.0,2.0,17.3,2.4,5.4,0.444,1.6,3.9,0.41,0.8,1.5,0.533,0.593,0.0,0.0,0.0,0.4,1.8,2.2,1.0,0.5,0.0,0.5,1.0,6.4,2304.0,960.0,192.0,1660.8000000000002,240.0,48.0,415.20000000000005,20.0,173.0,,,,,
102.0,DeAndre Jordan,C,35.0,DEN,2.0,0.0,6.5,0.5,1.0,0.5,0.0,0.0,0.0,0.5,1.0,0.5,0.5,1.0,1.0,1.0,0.5,1.0,1.5,0.0,0.5,0.5,0.0,2.0,2.0,3570.0,204.0,0.0,663.0,70.0,0.0,227.5,0.0,13.0,,,,,
104.0,Maxi Kleber,C,32.0,DAL,13.0,0.0,16.8,1.2,3.0,0.41,0.9,2.2,0.429,0.3,0.8,0.364,0.564,0.3,0.5,0.667,0.3,1.6,1.9,1.0,0.2,0.3,0.4,1.5,3.7,3328.0,1352.0,0.0,1747.2,416.0,0.0,537.6,0.0,218.4,,,,,
105.0,Luke Kornet,C,28.0,BOS,13.0,0.0,10.2,1.1,1.6,0.667,0.0,0.0,0.0,1.1,1.6,0.667,0.667,0.8,1.0,0.846,1.5,1.7,3.2,0.5,0.1,0.4,0.5,0.8,3.0,2940.0,1365.0,0.0,1071.0,364.0,0.0,285.59999999999997,0.0,132.6,,,,,
106.0,A.J. Lawson,SG,23.0,DAL,10.0,0.0,3.0,0.4,0.9,0.444,0.2,0.6,0.333,0.2,0.3,0.667,0.556,0.1,0.2,0.5,0.1,0.2,0.3,0.0,0.0,0.1,0.0,0.1,1.1,2438.0,1060.0,0.0,318.0,230.0,0.0,69.0,0.0,30.0,,,,,
108.0,Caris LeVert,SG,29.0,CLE,11.0,1.0,25.3,4.0,9.3,0.431,0.5,3.0,0.182,3.5,6.3,0.551,0.461,1.5,2.4,0.654,0.7,2.9,3.6,2.3,0.8,0.5,1.3,1.3,10.1,3132.0,1188.0,108.0,2732.4,319.0,29.0,733.7,11.0,278.3,,,,,
115.0,Kevin Love,PF,35.0,MIA,5.0,0.0,6.4,0.8,1.8,0.444,0.2,0.8,0.25,0.6,1.0,0.6,0.5,0.0,0.0,0.0,0.2,2.6,2.8,0.8,0.0,0.0,0.4,0.4,1.8,4025.0,575.0,0.0,736.0,175.0,0.0,224.0,0.0,32.0,,,,,
118.0,Naji Marshall,SF,26.0,NOP,4.0,0.0,21.0,3.0,7.0,0.429,1.5,3.8,0.4,1.5,3.3,0.462,0.536,1.5,1.5,1.0,0.8,2.0,2.8,1.3,0.5,0.5,0.5,2.3,9.0,3068.0,472.0,0.0,2478.0,104.0,0.0,546.0,0.0,84.0,,,,,
119.0,Caleb Martin,SF,28.0,MIA,5.0,5.0,35.2,4.2,9.0,0.467,2.2,5.0,0.44,2.0,4.0,0.5,0.589,1.0,1.0,1.0,1.0,2.6,3.6,1.4,0.6,0.0,0.6,2.8,11.6,3332.0,595.0,595.0,4188.8,140.0,140.0,985.6000000000001,25.0,176.0,,,,,
121.0,Miles McBride,PG,23.0,NYK,13.0,2.0,26.7,4.2,9.5,0.435,1.9,5.2,0.368,2.2,4.3,0.518,0.536,0.8,0.9,0.833,0.5,1.7,2.2,1.9,0.5,0.2,0.8,2.3,11.0,2783.0,1573.0,242.0,3230.7,299.0,46.0,614.1,26.0,347.09999999999997,,,,,
125.0,Doug McDermott,SF,32.0,IND,10.0,0.0,6.4,0.5,1.1,0.455,0.3,0.8,0.375,0.2,0.3,0.667,0.591,0.0,0.0,0.0,0.2,0.1,0.3,0.7,0.0,0.2,0.1,0.5,1.3,4000.0,1250.0,0.0,800.0,320.0,0.0,204.8,0.0,64.0,,,,,
131.0,Patty Mills,PG,35.0,MIA,3.0,0.0,17.3,2.0,5.7,0.353,1.0,3.7,0.273,1.0,2.0,0.5,0.441,1.0,1.3,0.75,0.3,0.0,0.3,1.0,0.3,0.0,0.3,0.7,6.0,4585.0,393.0,0.0,2266.3,105.0,0.0,605.5,0.0,51.900000000000006,,,,,
136.0,Wendell Moore Jr.,SG,22.0,MIN,6.0,0.0,3.0,0.5,1.2,0.429,0.2,0.7,0.25,0.3,0.5,0.667,0.5,0.0,0.0,0.0,0.0,0.3,0.3,0.3,0.2,0.0,0.2,0.5,1.2,2992.0,816.0,0.0,408.0,132.0,0.0,66.0,0.0,18.0,,,,,
137.0,Marcus Morris,PF,34.0,CLE,9.0,1.0,15.3,2.4,5.3,0.458,1.0,2.6,0.391,1.4,2.8,0.52,0.552,0.2,0.3,0.667,0.2,2.6,2.8,0.3,0.4,0.0,0.3,0.9,6.1,4658.0,1233.0,137.0,2096.1,306.0,34.0,520.2,9.0,137.70000000000002,,,,,
139.0,Monte Morris,PG,28.0,MIN,9.0,0.0,7.4,1.0,3.3,0.3,0.1,1.6,0.071,0.9,1.8,0.5,0.317,0.2,0.2,1.0,0.1,0.6,0.7,1.0,0.2,0.1,0.0,0.7,2.3,3892.0,1251.0,0.0,1028.6000000000001,252.0,0.0,207.20000000000002,0.0,66.60000000000001,,,,,
142.0,Svi Mykhailiuk,SF,26.0,BOS,8.0,0.0,4.0,0.4,1.5,0.25,0.3,1.1,0.222,0.1,0.4,0.333,0.333,0.0,0.0,0.0,0.1,0.5,0.6,0.1,0.1,0.0,0.3,0.4,1.0,3692.0,1136.0,0.0,568.0,208.0,0.0,104.0,0.0,32.0,,,,,
146.0,Georges Niang,PF,30.0,CLE,10.0,0.0,12.1,0.9,4.1,0.22,0.3,2.3,0.13,0.6,1.8,0.333,0.256,0.7,0.8,0.875,0.3,0.9,1.2,0.4,0.4,0.2,0.7,1.8,2.8,4380.0,1460.0,0.0,1766.6,300.0,0.0,363.0,0.0,121.0,,,,,
147.0,Zeke Nnaji,PF,23.0,DEN,3.0,0.0,4.7,0.7,1.0,0.667,0.0,0.0,0.0,0.7,1.0,0.667,0.667,0.3,0.7,0.5,0.7,0.0,0.7,0.0,0.0,0.3,0.7,0.3,1.7,3381.0,441.0,0.0,690.9,69.0,0.0,108.10000000000001,0.0,14.100000000000001,,,,,
149.0,Royce O'Neale,SF,30.0,PHO,4.0,2.0,26.0,1.8,5.5,0.318,1.5,4.5,0.333,0.3,1.0,0.25,0.455,0.0,0.0,0.0,1.3,3.5,4.8,1.0,0.3,0.0,0.5,2.8,5.0,4470.0,596.0,298.0,3874.0,120.0,60.0,780.0,8.0,104.0,,,,,
151.0,Josh Okogie,SG,25.0,PHO,4.0,0.0,7.3,1.3,2.3,0.556,0.3,0.8,0.333,1.0,1.5,0.667,0.611,0.8,1.5,0.5,0.0,1.0,1.0,0.5,0.5,0.0,0.5,1.8,3.5,3775.0,604.0,0.0,1102.3,100.0,0.0,182.5,0.0,29.2,,,,,
152.0,Isaac Okoro,SF,23.0,CLE,12.0,7.0,21.9,2.1,5.8,0.357,0.8,2.9,0.257,1.3,2.9,0.457,0.421,0.6,0.8,0.778,0.4,1.3,1.8,1.1,0.9,0.3,0.9,2.5,5.5,3496.0,1824.0,1064.0,3328.7999999999997,276.0,161.0,503.7,84.0,262.79999999999995,,,,,
154.0,Cameron Payne,PG,29.0,PHI,5.0,0.0,12.2,2.0,5.0,0.4,1.6,3.6,0.444,0.4,1.4,0.286,0.56,0.0,0.0,0.0,0.0,1.2,1.2,1.4,0.2,0.8,0.6,2.0,5.6,4466.0,770.0,0.0,1878.8,145.0,0.0,353.79999999999995,0.0,61.0,,,,,
156.0,Mason Plumlee,C,33.0,LAC,6.0,0.0,11.0,1.2,3.0,0.389,0.0,0.0,0.0,1.2,3.0,0.389,0.389,0.8,1.3,0.625,1.2,2.2,3.3,0.7,0.5,0.3,0.3,2.2,3.2,5148.0,936.0,0.0,1716.0,198.0,0.0,363.0,0.0,66.0,,,,,
160.0,Dwight Powell,C,32.0,DAL,13.0,0.0,3.4,0.1,0.2,0.333,0.0,0.0,0.0,0.1,0.2,0.333,0.333,0.3,0.5,0.667,0.2,0.7,0.9,0.2,0.1,0.0,0.2,0.7,0.5,5120.0,2080.0,0.0,544.0,416.0,0.0,108.8,0.0,44.199999999999996,,,,,
162.0,Taurean Prince,PF,29.0,LAL,5.0,0.0,22.2,2.4,5.8,0.414,1.0,3.4,0.294,1.4,2.4,0.583,0.5,1.6,1.6,1.0,0.2,2.2,2.4,0.6,0.2,0.4,0.2,1.8,7.4,4698.0,810.0,0.0,3596.4,145.0,0.0,643.8,0.0,111.0,,,,,
163.0,Payton Pritchard,PG,26.0,BOS,19.0,0.0,18.7,2.3,5.5,0.419,1.2,3.2,0.383,1.1,2.4,0.467,0.529,0.6,0.6,0.917,0.7,1.2,1.9,2.1,0.2,0.0,0.7,1.2,6.4,4238.0,3097.0,0.0,3048.1,494.0,0.0,486.2,0.0,355.3,,,,,
165.0,Neemias Queta,C,24.0,BOS,3.0,0.0,4.3,0.7,1.0,0.667,0.0,0.0,0.0,0.7,1.0,0.667,0.667,0.0,0.0,0.0,0.3,0.7,1.0,0.0,0.0,0.3,0.0,0.0,1.3,3960.0,495.0,0.0,709.5,72.0,0.0,103.19999999999999,0.0,12.899999999999999,,,,,
167.0,Paul Reed,C,24.0,PHI,6.0,0.0,7.2,0.7,1.5,0.444,0.0,0.0,0.0,0.7,1.5,0.444,0.444,0.2,0.3,0.5,1.5,1.2,2.7,0.3,0.2,0.5,0.5,1.2,1.5,4008.0,1002.0,0.0,1202.4,144.0,0.0,172.8,0.0,43.2,,,,,
168.0,Naz Reid,C,24.0,MIN,16.0,0.0,22.6,4.1,8.9,0.458,1.6,4.3,0.362,2.5,4.6,0.548,0.546,1.4,1.9,0.71,0.6,3.1,3.7,1.0,0.5,0.8,0.9,2.0,11.1,4032.0,2688.0,0.0,3796.8,384.0,0.0,542.4000000000001,0.0,361.6,,,,,
169.0,Duncan Robinson,SF,29.0,MIA,5.0,0.0,12.0,1.0,3.2,0.313,0.6,2.6,0.231,0.4,0.6,0.667,0.406,0.0,0.0,0.0,0.0,1.0,1.0,1.2,0.4,0.0,1.0,1.2,2.6,4901.0,845.0,0.0,2028.0,145.0,0.0,348.0,0.0,60.0,,,,,
172.0,Jeremiah Robinson-Earl,PF,23.0,NOP,1.0,0.0,5.0,1.0,2.0,0.5,0.0,0.0,0.0,1.0,2.0,0.5,0.5,0.0,2.0,0.0,1.0,0.0,1.0,1.0,0.0,0.0,0.0,0.0,2.0,3956.0,172.0,0.0,860.0,23.0,0.0,115.0,0.0,5.0,,,,,
176.0,Ben Sheppard,SG,22.0,IND,17.0,2.0,19.7,1.8,4.2,0.437,1.1,2.9,0.38,0.7,1.2,0.571,0.57,0.4,0.5,0.778,0.6,2.4,3.0,1.0,0.5,0.1,0.6,1.9,5.2,3872.0,2992.0,352.0,3467.2,374.0,44.0,433.4,34.0,334.9,,,,,
179.0,Jalen Smith,C,23.0,IND,7.0,0.0,6.0,0.4,1.1,0.375,0.3,0.6,0.5,0.1,0.6,0.25,0.5,0.7,1.1,0.625,1.0,1.0,2.0,0.3,0.3,0.1,0.6,1.1,1.9,4117.0,1253.0,0.0,1074.0,161.0,0.0,138.0,0.0,42.0,,,,,
180.0,Jaden Springer,PG,21.0,BOS,4.0,0.0,5.5,0.5,0.8,0.667,0.0,0.0,0.0,0.5,0.8,0.667,0.667,0.0,0.0,0.0,0.0,0.8,0.8,0.3,0.0,0.3,0.5,0.3,1.0,3780.0,720.0,0.0,990.0,84.0,0.0,115.5,0.0,22.0,,,,,
181.0,Julian Strawther,SF,21.0,DEN,3.0,0.0,5.3,0.7,2.0,0.333,0.3,1.3,0.25,0.3,0.7,0.5,0.417,0.7,1.3,0.5,0.0,0.7,0.7,0.0,0.3,0.0,0.3,1.0,2.3,3801.0,543.0,0.0,959.3,63.0,0.0,111.3,0.0,15.899999999999999,,,,,
182.0,Max Strus,SF,27.0,CLE,12.0,12.0,36.2,3.5,8.6,0.408,2.1,6.0,0.347,1.4,2.6,0.548,0.529,0.4,0.4,1.0,0.7,4.7,5.3,2.9,0.8,0.0,1.3,3.4,9.5,4914.0,2184.0,2184.0,6588.400000000001,324.0,324.0,977.4000000000001,144.0,434.40000000000003,,,,,
187.0,Tristan Thompson,C,32.0,CLE,10.0,0.0,8.7,0.7,1.6,0.438,0.0,0.0,0.0,0.7,1.6,0.438,0.438,0.1,0.2,0.5,1.0,1.0,2.0,1.0,0.1,0.5,0.2,0.9,1.5,5984.0,1870.0,0.0,1626.8999999999999,320.0,0.0,278.4,0.0,87.0,,,,,
189.0,Obi Toppin,PF,25.0,IND,17.0,0.0,20.2,4.3,7.9,0.541,1.2,3.3,0.357,3.1,4.6,0.671,0.615,1.1,1.5,0.76,0.6,3.8,4.4,1.7,0.4,0.4,0.8,1.2,10.9,4725.0,3213.0,0.0,3817.7999999999997,425.0,0.0,505.0,0.0,343.4,,,,,
195.0,Gabe Vincent,PG,27.0,LAL,5.0,0.0,13.8,0.6,2.4,0.25,0.2,1.4,0.143,0.4,1.0,0.4,0.292,0.0,0.0,0.0,0.2,1.4,1.6,0.6,0.4,0.0,0.6,1.6,1.4,5265.0,975.0,0.0,2691.0,135.0,0.0,372.6,0.0,69.0,,,,,
196.0,Dean Wade,PF,27.0,CLE,3.0,1.0,21.0,1.3,4.3,0.308,1.0,3.3,0.3,0.3,1.0,0.333,0.423,0.0,0.0,0.0,0.3,1.7,2.0,1.7,0.3,0.7,0.7,1.3,3.7,5292.0,588.0,196.0,4116.0,81.0,27.0,567.0,3.0,63.0,,,,,
198.0,Moritz Wagner,C,26.0,ORL,7.0,0.0,15.0,2.3,5.1,0.444,0.3,1.3,0.222,2.0,3.9,0.519,0.472,1.4,2.4,0.588,1.6,2.9,4.4,0.3,0.9,0.4,1.1,3.0,6.3,5148.0,1386.0,0.0,2970.0,182.0,0.0,390.0,0.0,105.0,,,,,
199.0,Jarace Walker,PF,20.0,IND,9.0,0.0,3.4,0.3,1.1,0.3,0.0,0.3,0.0,0.3,0.8,0.429,0.3,0.2,0.3,0.667,0.1,0.3,0.4,0.4,0.2,0.1,0.7,0.2,0.9,3980.0,1791.0,0.0,676.6,180.0,0.0,68.0,0.0,30.599999999999998,,,,,
200.0,Cason Wallace,SG,20.0,OKC,10.0,0.0,19.8,1.6,4.1,0.39,0.9,2.8,0.321,0.7,1.3,0.538,0.5,0.1,0.2,0.5,0.7,0.6,1.3,1.0,0.9,0.2,0.4,1.4,4.2,4000.0,2000.0,0.0,3960.0,200.0,0.0,396.0,0.0,198.0,,,,,
201.0,Jordan Walsh,SF,19.0,BOS,3.0,0.0,3.7,0.3,1.0,0.333,0.0,0.3,0.0,0.3,0.7,0.5,0.333,0.0,0.0,0.0,0.0,0.7,0.7,0.0,0.0,0.0,0.0,0.0,0.7,3819.0,603.0,0.0,743.7,57.0,0.0,70.3,0.0,11.100000000000001,,,,,
205.0,Peyton Watson,SF,21.0,DEN,10.0,0.0,9.0,0.6,2.4,0.25,0.3,1.2,0.25,0.3,1.2,0.25,0.313,0.3,0.6,0.5,0.2,1.3,1.5,0.4,0.0,0.6,0.3,0.9,1.8,4305.0,2050.0,0.0,1845.0,210.0,0.0,189.0,0.0,90.0,,,,,
208.0,Aaron Wiggins,SG,25.0,OKC,10.0,0.0,15.7,2.3,4.7,0.489,0.6,2.0,0.3,1.7,2.7,0.63,0.553,1.0,1.1,0.909,0.9,2.3,3.2,1.0,0.6,0.3,0.9,0.8,6.2,5200.0,2080.0,0.0,3265.6,250.0,0.0,392.5,0.0,157.0,,,,,
210.0,Jaylin Williams,C,21.0,OKC,10.0,0.0,12.7,1.6,3.3,0.485,0.9,2.2,0.409,0.7,1.1,0.636,0.621,0.3,0.4,0.75,0.4,2.8,3.2,1.5,0.4,0.3,0.3,1.1,4.4,4410.0,2100.0,0.0,2667.0,210.0,0.0,266.7,0.0,127.0,,,,,
,,,,,,,,,,,,,,,,,,,,,,,,,,,,,,,,,,,,,,,3.7736762361143543,0.2436953610440252,-1.44760424118437,3.1918215016047116,-2.649941843910864
,,,,,,,,,,,,,,,,,,,,,,,,,,,,,,,,,,,,,,,1.917119352755361,1.8934230575386732,-1.285163062016481,1.4673998109737876,-1.8246435052899972
,,,,,,,,,,,,,,,,,,,,,,,,,,,,,,,,,,,,,,,4.0877937912132465,1.7173828759806056,-2.707093038274072,2.326270197419968,1.9028736796810222
,,,,,,,,,,,,,,,,,,,,,,,,,,,,,,,,,,,,,,,2.7965364191680275,-0.025968818704995122,-2.771215717331768,0.03819907103556858,-2.841103901319517
,,,,,,,,,,,,,,,,,,,,,,,,,,,,,,,,,,,,,,,-3.1037513655375704,0.7487125344531655,-2.547237452499974,-1.6768289710073532,-1.9090808061263755
,,,,,,,,,,,,,,,,,,,,,,,,,,,,,,,,,,,,,,,-5.150008369912391,-1.1097525150937022,-2.605998725881989,0.0013351001988776213,-0.3059530245125763
,,,,,,,,,,,,,,,,,,,,,,,,,,,,,,,,,,,,,,,0.6747993443818068,2.5025077258064945,-1.23126158878354,0.9834320651180483,-0.9240309054780155
,,,,,,,,,,,,,,,,,,,,,,,,,,,,,,,,,,,,,,,-5.345388288829029,-1.1089595378374808,-1.7293245460332147,0.16742397525650232,-1.0910108788679684
,,,,,,,,,,,,,,,,,,,,,,,,,,,,,,,,,,,,,,,1.6825967324222026,1.0619902004850907,-2.0784041940851714,0.8742606200191028,-0.5070079120602881
,,,,,,,,,,,,,,,,,,,,,,,,,,,,,,,,,,,,,,,-4.613698750413534,-0.7702866407373898,-2.2478345771041903,-0.7781274527004852,-1.1297861332736534
,,,,,,,,,,,,,,,,,,,,,,,,,,,,,,,,,,,,,,,-1.2531246244666825,0.2832937185542221,-1.9849228822075227,1.0849347874873412,0.2770923996382365
,,,,,,,,,,,,,,,,,,,,,,,,,,,,,,,,,,,,,,,-0.14847725339860088,3.6762631337593645,-2.009189755380319,-2.037809636383244,-0.6439476380975505
,,,,,,,,,,,,,,,,,,,,,,,,,,,,,,,,,,,,,,,5.993676057382362,-0.8745086921735375,-2.0758745503375975,-2.1956220103887683,-2.718755964926123
,,,,,,,,,,,,,,,,,,,,,,,,,,,,,,,,,,,,,,,4.73546485803511,0.19197331366828557,-2.939184033226138,-1.1531472872709472,0.30256251259018396
,,,,,,,,,,,,,,,,,,,,,,,,,,,,,,,,,,,,,,,-0.40017730672846047,-0.37601024321447535,0.2953880989674507,2.701776508276223,-1.1327280648037834
,,,,,,,,,,,,,,,,,,,,,,,,,,,,,,,,,,,,,,,3.183373484418036,-4.133945740029025,-2.8436963885189375,0.5111055736635655,1.2412383947184469
,,,,,,,,,,,,,,,,,,,,,,,,,,,,,,,,,,,,,,,1.0431776307262235,-0.0497261289735948,1.8561306437125322,2.7903200206906305,-2.769644822681865
,,,,,,,,,,,,,,,,,,,,,,,,,,,,,,,,,,,,,,,-0.34776838616024863,-0.3177298081886374,-1.1995280179241798,1.7189810686355664,0.7617191776219666
,,,,,,,,,,,,,,,,,,,,,,,,,,,,,,,,,,,,,,,1.947049879388166,0.15991720261407497,-1.6264858138112597,0.43061303382294275,0.7720421388556521
,,,,,,,,,,,,,,,,,,,,,,,,,,,,,,,,,,,,,,,-2.3993051409641044,-1.2572365791155287,-0.5125284187005676,1.6980733570580215,0.4839141716012322
,,,,,,,,,,,,,,,,,,,,,,,,,,,,,,,,,,,,,,,-1.002324143097572,-0.2824915755586951,-0.744564420781398,-1.0457434745697434,-0.801769890224464
,,,,,,,,,,,,,,,,,,,,,,,,,,,,,,,,,,,,,,,-0.6235502123354243,-0.7937357023035316,0.4784597692989084,2.549293056263954,-0.03354583025985773
,,,,,,,,,,,,,,,,,,,,,,,,,,,,,,,,,,,,,,,0.36006118947806864,-0.7862820010016222,1.4149253709459888,2.5033480058680695,-0.04525685692946088
,,,,,,,,,,,,,,,,,,,,,,,,,,,,,,,,,,,,,,,-0.5892504382397737,3.2824946375358937,2.0437286574937095,-1.2698385354944957,-1.026870007516926
,,,,,,,,,,,,,,,,,,,,,,,,,,,,,,,,,,,,,,,-4.5449897924643645,-0.4123857600908455,1.1755356361675873,0.008455992779781046,-2.0583531662378096
,,,,,,,,,,,,,,,,,,,,,,,,,,,,,,,,,,,,,,,-2.7648486690779692,-0.5006081101275832,0.0483185855809386,-0.4493999807785194,0.0875910885158425
,,,,,,,,,,,,,,,,,,,,,,,,,,,,,,,,,,,,,,,3.829489193350142,2.2417956217006054,-1.039435152209363,0.3079140806402802,2.0269266500389995
,,,,,,,,,,,,,,,,,,,,,,,,,,,,,,,,,,,,,,,8.311394740286724,-0.8065496465877078,-1.786039336881153,-1.3603015589915641,0.5830640598274122
,,,,,,,,,,,,,,,,,,,,,,,,,,,,,,,,,,,,,,,6.787857680816347,0.3097968672481183,0.548223088730248,0.5449083581756565,-1.1457301524565713
,,,,,,,,,,,,,,,,,,,,,,,,,,,,,,,,,,,,,,,-3.6670124876422667,-0.9117138386429008,1.8524446385638282,0.3651552183197347,-1.317261112584948
,,,,,,,,,,,,,,,,,,,,,,,,,,,,,,,,,,,,,,,0.23726051180128377,0.1665833921078654,-0.7649418512186915,0.6578486783805182,1.85841627240024
,,,,,,,,,,,,,,,,,,,,,,,,,,,,,,,,,,,,,,,-4.516544456317145,-2.4131075557561643,0.5390832844933682,0.8196070517173936,0.5472372122249477
,,,,,,,,,,,,,,,,,,,,,,,,,,,,,,,,,,,,,,,-3.8420261800052895,1.8385443835759612,0.7680434874651522,-3.2745311526018797,-1.0274549928247116
,,,,,,,,,,,,,,,,,,,,,,,,,,,,,,,,,,,,,,,3.0527707177107337,-3.263052641671916,-1.0085283330305783,-0.06546208408863599,3.000044579735194
,,,,,,,,,,,,,,,,,,,,,,,,,,,,,,,,,,,,,,,-1.5403602125086242,1.4627907412736632,0.39525459853463735,-1.8518767891623196,-0.2596344825774682
,,,,,,,,,,,,,,,,,,,,,,,,,,,,,,,,,,,,,,,0.20413106120986266,-1.5054868953370302,0.2571319482907049,0.8830722697584572,1.4823121891393871
,,,,,,,,,,,,,,,,,,,,,,,,,,,,,,,,,,,,,,,-0.21251487722962006,1.4541395205012666,0.2682135650272205,-0.7983056752597605,3.229753623709326
,,,,,,,,,,,,,,,,,,,,,,,,,,,,,,,,,,,,,,,-4.226094067394784,-1.3716546296684287,2.4561018111384287,1.2107655170950486,0.970786194354891
,,,,,,,,,,,,,,,,,,,,,,,,,,,,,,,,,,,,,,,2.5921913645574306,1.7054682380632622,0.3845651176850304,0.042943348393160094,2.5296237147521103
,,,,,,,,,,,,,,,,,,,,,,,,,,,,,,,,,,,,,,,6.950947149723496,3.1330887901956324,2.9692761894345288,0.9212109955205912,0.8475656792533123
,,,,,,,,,,,,,,,,,,,,,,,,,,,,,,,,,,,,,,,-3.8683352298341465,1.2474494278854082,-0.19262238529161388,-2.7511219012355896,0.5670679739324433
,,,,,,,,,,,,,,,,,,,,,,,,,,,,,,,,,,,,,,,-4.349022327911467,0.5418242552061142,1.3864527749365751,-3.33371376666041,-1.4563612927367986
,,,,,,,,,,,,,,,,,,,,,,,,,,,,,,,,,,,,,,,-3.339736984072779,-0.4382860116313735,0.09365731931399941,-0.8551713709003164,1.0835937872421357
,,,,,,,,,,,,,,,,,,,,,,,,,,,,,,,,,,,,,,,13.335414963229724,-8.113385748036286,0.31263180050263234,-4.678871700044932,-1.5046079280179383
,,,,,,,,,,,,,,,,,,,,,,,,,,,,,,,,,,,,,,,6.671162883982975,3.414457545916885,4.077455036347642,0.0541249413527729,-0.4736606851721954
,,,,,,,,,,,,,,,,,,,,,,,,,,,,,,,,,,,,,,,-2.257629517044125,-2.5428969159399624,0.6269860716726647,-0.39745533587052895,2.3395145846080485
,,,,,,,,,,,,,,,,,,,,,,,,,,,,,,,,,,,,,,,0.5389951296529819,-2.8004546508484,0.260086552645428,-0.4173138913104978,2.8800574307915947
,,,,,,,,,,,,,,,,,,,,,,,,,,,,,,,,,,,,,,,3.4977470252833434,3.328681101010759,1.16856581968139,-2.0226686193469225,3.44261181284581
,,,,,,,,,,,,,,,,,,,,,,,,,,,,,,,,,,,,,,,-5.587908036328513,-1.6084383698148528,0.3494562240689935,-1.5862509982660933,0.4223226095288926
,,,,,,,,,,,,,,,,,,,,,,,,,,,,,,,,,,,,,,,-2.3522948107483383,-1.5339325193482811,2.0527477426384424,0.8879475008729549,2.1620177775357647
,,,,,,,,,,,,,,,,,,,,,,,,,,,,,,,,,,,,,,,2.501731903892127,1.90124774088171,2.8644198049721954,-1.0953224498216214,0.8809795745031476
,,,,,,,,,,,,,,,,,,,,,,,,,,,,,,,,,,,,,,,0.7170199075144691,0.00416122132821321,2.9275220027921565,-0.5259490548072032,-0.2148814396763329
