Player Id,Player Name,2022/2023,2023/2024,2024/2025,2024/2025.1,pca_1
1,Stephen Curry,"$48,070,014 ","$51,915,615 ","$55,761,217 ","$59,606,817 ",-1.7340070612692213
2,John Wall,"$47,345,760 ",$0 ,$0 ,$0 ,-1.7279255397697466
3,Russell Westbrook,"$47,080,179 ",$0 ,$0 ,$0 ,-1.7218440182702717
4,LeBron James,"$44,474,988 ","$46,698,737 ","$50,434,636 ",$0 ,-1.715762496770797
5,Kevin Durant,"$44,119,845 ","$47,649,433 ","$51,179,020 ","$54,708,608 ",-1.7096809752713222
6,Bradley Beal,"$43,279,250 ","$46,741,590 ","$50,203,930 ","$53,666,270 ",-1.7035994537718475
7,Paul George,"$42,492,492 ","$45,640,084 ","$48,787,676 ",$0 ,-1.6975179322723728
7,Kawhi Leonard,"$42,492,492 ","$45,640,084 ","$48,787,676 ",$0 ,-1.6975179322723728
7,Giannis Antetokounmpo,"$42,492,492 ","$45,640,084 ","$48,787,676 ","$51,935,268 ",-1.6975179322723728
7,Damian Lillard,"$42,492,492 ","$45,640,084 ","$48,787,676 ","$58,545,211 ",-1.6975179322723728
11,Klay Thompson,"$40,600,080 ","$43,219,440 ",$0 ,$0 ,-1.673191846274474
12,Kyrie Irving,"$38,917,057 ",$0 ,$0 ,$0 ,-1.6671103247749992
13,Rudy Gobert,"$38,172,414 ","$41,000,000 ","$43,827,586 ","$46,655,173 ",-1.6610288032755245
14,Khris Middleton,"$37,984,276 ","$40,396,552 ",$0 ,$0 ,-1.6549472817760498
15,Anthony Davis,"$37,980,720 ","$40,600,080 ","$43,219,440 ",$0 ,-1.648865760276575
16,Jimmy Butler,"$37,653,300 ","$45,183,960 ","$48,798,677 ","$52,413,394 ",-1.6427842387771003
17,Tobias Harris,"$37,633,050 ","$39,270,150 ",$0 ,$0 ,-1.6367027172776256
18,Kemba Walker,"$37,281,261 ",$0 ,$0 ,$0 ,-1.630621195778151
19,Trae Young,"$37,096,500 ","$40,064,220 ","$43,031,940 ","$45,999,660 ",-1.6245396742786762
19,Zach LaVine,"$37,096,500 ","$40,064,220 ","$43,031,940 ","$45,999,660 ",-1.6245396742786762
19,Luka Doncic,"$37,096,500 ","$40,064,220 ","$43,031,940 ","$45,999,660 ",-1.6245396742786762
22,Ben Simmons,"$35,448,672 ","$37,893,408 ","$40,338,144 ",$0 ,-1.6062951097802518
22,Pascal Siakam,"$35,448,672 ","$37,893,408 ",$0 ,$0 ,-1.6062951097802518
24,Myles Turner,"$35,096,500 ","$20,975,000 ","$19,928,500 ",$0 ,-1.5941320667813024
25,Jrue Holiday,"$34,319,520 ","$36,861,707 ","$39,403,894 ",$0 ,-1.5880505452818277
26,Karl-Anthony Towns,"$33,833,400 ","$36,016,200 ","$50,050,000 ","$54,054,000 ",-1.581969023782353
26,Devin Booker,"$33,833,400 ","$36,016,200 ","$50,050,000 ","$54,054,000 ",-1.581969023782353
26,Kristaps Porzingis,"$33,833,400 ","$36,016,200 ",$0 ,$0 ,-1.581969023782353
29,Joel Embiid,"$33,616,770 ","$46,900,000 ","$50,652,000 ","$54,404,000 ",-1.5637244592839288
29,Andrew Wiggins,"$33,616,770 ","$24,330,357 ","$26,276,786 ","$28,223,215 ",-1.5637244592839288
31,CJ McCollum,"$33,333,333 ","$35,802,469 ","$33,333,333 ","$30,666,666 ",-1.5515614162849793
32,Nikola Jokic,"$33,047,803 ","$46,550,000 ","$50,274,000 ","$53,998,000 ",-1.5454798947855046
33,James Harden,"$33,000,000 ","$35,640,000 ",$0 ,$0 ,-1.53939837328603
34,Jamal Murray,"$31,650,600 ","$33,833,400 ","$36,016,200 ",$0 ,-1.5333168517865552
34,Brandon Ingram,"$31,650,600 ","$33,833,400 ","$36,016,200 ",$0 ,-1.5333168517865552
36,D'Angelo Russell,"$31,377,750 ",$0 ,$0 ,$0 ,-1.5211538087876058
37,Michael Porter,"$30,913,750 ","$33,386,850 ","$35,859,950 ","$38,333,050 ",-1.5150722872881308
37,Shai Gilgeous-Alexander,"$30,913,750 ","$33,386,850 ","$35,859,950 ","$38,333,050 ",-1.5150722872881308
37,Donovan Mitchell,"$30,913,750 ","$33,162,030 ","$35,410,310 ","$37,096,620 ",-1.5150722872881308
37,Deandre Ayton,"$30,913,750 ","$32,459,438 ","$34,005,126 ","$35,550,814 ",-1.5150722872881308
41,Kevin Love,"$30,556,968 ",$0 ,$0 ,$0 ,-1.490746201290232
42,Jayson Tatum,"$30,351,780 ","$32,600,060 ","$34,848,340 ","$37,096,620 ",-1.4846646797907572
42,Bam Adebayo,"$30,351,780 ","$32,600,060 ","$34,848,340 ","$37,096,620 ",-1.4846646797907572
42,De'Aaron Fox,"$30,351,780 ","$32,600,060 ","$34,848,340 ","$37,096,620 ",-1.4846646797907572
45,Gordon Hayward,"$30,075,000 ","$31,500,000 ",$0 ,$0 ,-1.466420115292333
46,Jaylen Brown,"$29,776,785 ","$31,830,357 ",$0 ,$0 ,-1.4603385937928584
47,Jaren Jackson Jr,"$28,946,605 ","$27,102,202 ","$25,257,798 ","$23,413,395 ",-1.4542570722933836
48,Chris Paul,"$28,400,000 ","$30,800,000 ","$30,800,000 ",$0 ,-1.448175550793909
49,Kyle Lowry,"$28,333,334 ","$29,682,540 ",$0 ,$0 ,-1.4420940292944342
50,Jalen Brunson,"$27,733,332 ","$26,346,666 ","$24,960,001 ","$24,960,001 ",-1.4360125077949595
51,DeMar DeRozan,"$27,300,000 ","$28,600,000 ",$0 ,$0 ,-1.4299309862954848
52,Al Horford,"$26,500,000 ","$10,000,000 ","$9,500,000 ",$0 ,-1.42384946479601
53,Draymond Green,"$25,806,468 ","$27,586,224 ",$0 ,$0 ,-1.4177679432965353
54,Julius Randle,"$23,760,000 ","$25,660,800 ","$27,561,600 ","$29,462,400 ",-1.4116864217970604
55,John Collins,"$23,500,000 ","$25,340,000 ","$26,580,000 ","$26,580,000 ",-1.4056049002975857
56,Mike Conley,"$22,680,000 ","$24,360,000 ",$0 ,$0 ,-1.399523378798111
57,Malcolm Brogdon,"$22,600,000 ","$22,500,000 ","$22,500,000 ",$0 ,-1.3934418572986362
58,Anfernee Simons,"$22,321,429 ","$24,107,143 ","$25,892,857 ","$27,678,571 ",-1.3873603357991615
59,Nikola Vucevic,"$22,000,000 ",$0 ,$0 ,$0 ,-1.3812788142996868
60,Terry Rozier,"$21,486,316 ","$23,205,221 ","$24,924,126 ","$26,643,031 ",-1.375197292800212
61,Fred VanVleet,"$21,250,000 ","$22,824,074 ",$0 ,$0 ,-1.3691157713007374
62,Buddy Hield,"$21,177,750 ","$19,279,841 ",$0 ,$0 ,-1.3630342498012626
63,Domantas Sabonis,"$21,100,000 ","$22,000,000 ",$0 ,$0 ,-1.356952728301788
64,Jerami Grant,"$20,955,000 ",$0 ,$0 ,$0 ,-1.3508712068023132
65,Mikal Bridges,"$20,100,000 ","$21,700,000 ","$23,300,000 ","$24,900,000 ",-1.3447896853028385
66,Jarrett Allen,"$20,000,000 ","$20,000,000 ","$20,000,000 ","$20,000,000 ",-1.3387081638033638
67,Nicolas Batum,"$19,700,319 ","$11,710,818 ",$0 ,$0 ,-1.332626642303889
68,Aaron Gordon,"$19,690,909 ","$21,266,182 ","$22,841,455 ","$22,841,455 ",-1.3265451208044143
69,Tim Hardaway Jr,"$19,602,273 ","$17,897,728 ","$16,193,183 ",$0 ,-1.3204635993049396
70,Eric Gordon,"$19,568,360 ","$20,917,902 ",$0 ,$0 ,-1.314382077805465
71,Bojan Bogdanovic,"$19,550,000 ","$20,000,000 ","$19,032,850 ",$0 ,-1.30830055630599
72,Lonzo Ball,"$19,534,884 ","$20,465,117 ","$21,395,348 ",$0 ,-1.3022190348065152
73,Spencer Dinwiddie,"$19,500,000 ","$20,357,143 ",$0 ,$0 ,-1.2961375133070405
74,Danilo Gallinari,"$19,479,000 ","$6,802,950 ",$0 ,$0 ,-1.2900559918075658
75,Caris LeVert,"$18,796,296 ",$0 ,$0 ,$0 ,-1.283974470308091
76,Joe Harris,"$18,642,857 ","$19,928,571 ",$0 ,$0 ,-1.2778929488086164
77,Harrison Barnes,"$18,352,273 ",$0 ,$0 ,$0 ,-1.2718114273091417
78,Clint Capela,"$18,206,896 ","$20,616,000 ","$22,265,280 ",$0 ,-1.265729905809667
79,Evan Fournier,"$18,000,000 ","$18,857,143 ","$19,000,000 ",$0 ,-1.2596483843101922
79,Bogdan Bogdanovic,"$18,000,000 ","$18,700,000 ","$17,260,000 ","$16,020,000 ",-1.2596483843101922
81,Steven Adams,"$17,926,829 ","$12,600,000 ","$12,600,000 ",$0 ,-1.2474853413112428
82,Jonathan Isaac,"$17,400,000 ","$17,400,000 ","$17,400,000 ",$0 ,-1.241403819811768
83,OG Anunoby,"$17,357,143 ","$18,642,857 ","$19,928,571 ",$0 ,-1.2353222983122933
84,Gary Trent Jr,"$17,280,000 ","$18,560,000 ",$0 ,$0 ,-1.2292407768128186
85,Marcus Smart,"$17,207,142 ","$18,583,713 ","$19,960,285 ","$21,336,856 ",-1.223159255313344
86,Derrick White,"$17,142,857 ","$18,357,143 ","$19,571,429 ",$0 ,-1.2170777338138692
87,Dejounte Murray,"$17,071,120 ","$18,214,000 ",$0 ,$0 ,-1.2109962123143945
88,Mitchell Robinson,"$17,045,454 ","$15,681,818 ","$14,318,182 ","$12,954,546 ",-1.2049146908149195
89,Duncan Robinson,"$16,902,000 ","$18,154,000 ","$19,406,000 ","$19,888,000 ",-1.1988331693154448
90,Norman Powell,"$16,758,621 ","$18,000,000 ","$19,241,379 ","$20,482,758 ",-1.19275164781597
91,Collin Sexton,"$16,700,000 ","$17,325,000 ","$18,150,000 ","$18,975,000 ",-1.1866701263164954
92,Markelle Fultz,"$16,500,000 ","$17,000,000 ",$0 ,$0 ,-1.1805886048170207
93,Lauri Markkanen,"$16,475,454 ","$17,259,999 ","$18,044,544 ",$0 ,-1.174507083317546
94,Marcus Morris,"$16,372,093 ","$17,116,279 ",$0 ,$0 ,-1.1684255618180712
95,Davis Bertans,"$16,000,000 ","$17,000,000 ","$16,000,000 ",$0 ,-1.1623440403185965
96,Jusuf Nurkic,"$15,625,000 ","$16,875,000 ","$18,125,000 ","$19,375,000 ",-1.1562625188191218
97,Malik Beasley,"$15,558,035 ","$16,524,106 ",$0 ,$0 ,-1.150180997319647
98,Luguentz Dort,"$15,277,778 ","$15,277,778 ","$16,500,000 ","$17,722,222 ",-1.1440994758201724
99,Will Barton,"$15,059,712 ",$0 ,$0 ,$0 ,-1.1380179543206976
100,Tyus Jones,"$15,000,000 ","$14,000,000 ",$0 ,$0 ,-1.131936432821223
101,Jonas Valanciunas,"$14,700,000 ","$15,435,000 ",$0 ,$0 ,-1.1258549113217482
102,Derrick Rose,"$14,520,730 ","$15,596,339 ",$0 ,$0 ,-1.1197733898222735
103,Kevin Huerter,"$14,508,929 ","$15,669,643 ","$16,830,357 ","$17,991,071 ",-1.1136918683227988
104,Christian Wood,"$14,317,459 ",$0 ,$0 ,$0 ,-1.107610346823324
105,Wendell Carter,"$14,150,000 ","$13,050,000 ","$11,950,000 ","$10,850,000 ",-1.101528825323849
106,Kentavious Caldwell-Pope,"$14,004,703 ","$14,704,938 ","$15,440,185 ",$0 ,-1.0954473038243744
107,Brook Lopez,"$13,906,976 ",$0 ,$0 ,$0 ,-1.0893657823248997
108,Patrick Beverley,"$13,801,614 ",$0 ,$0 ,$0 ,-1.083284260825425
109,Doug McDermott,"$13,750,000 ","$13,750,000 ",$0 ,$0 ,-1.0772027393259502
110,Luke Kennard,"$13,745,455 ","$14,763,636 ","$14,763,636 ",$0 ,-1.0711212178264755
111,Zion Williamson,"$13,534,817 ","$33,500,000 ","$36,180,000 ","$38,860,000 ",-1.0650396963270008
112,Jordan Clarkson,"$13,340,000 ","$14,260,000 ",$0 ,$0 ,-1.058958174827526
113,Gary Harris,"$13,000,000 ","$13,000,000 ",$0 ,$0 ,-1.0528766533280514
113,Kyle Kuzma,"$13,000,000 ","$13,000,000 ",$0 ,$0 ,-1.0528766533280514
115,Josh Hart,"$12,960,000 ","$12,960,000 ",$0 ,$0 ,-1.040713610329102
116,Dorian Finney-Smith,"$12,939,848 ","$13,932,008 ","$14,924,167 ","$15,378,480 ",-1.0346320888296272
117,Kelly Olynyk,"$12,804,878 ","$12,195,122 ",$0 ,$0 ,-1.0285505673301525
118,Chris Boucher,"$12,690,000 ","$11,750,000 ","$10,810,000 ",$0 ,-1.0224690458306778
119,Kelly Oubre,"$12,600,000 ",$0 ,$0 ,$0 ,-1.016387524331203
120,Marvin Bagley,"$12,500,000 ","$12,500,000 ","$12,500,000 ",$0 ,-1.0103060028317283
121,Robert Covington,"$12,307,692 ","$11,692,308 ",$0 ,$0 ,-1.0042244813322536
122,Josh Richardson,"$12,196,094 ",$0 ,$0 ,$0 ,-0.9981429598327787
123,Ja Morant,"$12,119,440 ","$33,500,000 ","$36,180,000 ","$38,860,000 ",-0.992061438333304
124,Danny Green,"$11,710,528 ",$0 ,$0 ,$0 ,-0.9859799168338292
125,Devonte Graham,"$11,550,000 ","$12,100,000 ","$12,650,000 ",$0 ,-0.9798983953343545
126,Terrence Ross,"$11,500,000 ",$0 ,$0 ,$0 ,-0.9738168738348797
127,Reggie Jackson,"$11,457,217 ",$0 ,$0 ,$0 ,-0.967735352335405
128,Dillon Brooks,"$11,400,000 ",$0 ,$0 ,$0 ,-0.9616538308359303
129,Richaun Holmes,"$11,215,260 ","$12,046,020 ","$12,876,780 ",$0 ,-0.9555723093364555
130,Dwight Powell,"$11,080,125 ",$0 ,$0 ,$0 ,-0.9494907878369808
131,Paolo Banchero,"$11,055,120 ","$11,608,080 ","$12,160,800 ","$15,334,769 ",-0.9434092663375061
132,RJ Barrett,"$10,900,634 ","$23,883,929 ","$25,794,643 ","$27,705,357 ",-0.9373277448380314
133,Bobby Portis,"$10,843,350 ","$11,710,818 ","$12,578,286 ","$13,445,754 ",-0.9312462233385567
134,DeAndre Jordan,"$10,733,758 ",$0 ,$0 ,$0 ,-0.9251647018390818
135,Anthony Edwards,"$10,733,400 ","$13,534,817 ","$17,595,263 ",$0 ,-0.9190831803396071
136,Robert Williams,"$10,714,287 ","$11,571,429 ","$12,428,571 ","$13,285,713 ",-0.9130016588401324
137,Cade Cunningham,"$10,552,800 ","$11,055,360 ","$13,940,809 ","$18,123,052 ",-0.9069201373406577
138,PJ Tucker,"$10,490,000 ","$11,014,500 ","$11,539,000 ",$0 ,-0.900838615841183
139,Derrick Favors,"$10,350,803 ",$0 ,$0 ,$0 ,-0.8947570943417082
140,Mo Bamba,"$10,300,000 ","$10,300,000 ",$0 ,$0 ,-0.8886755728422335
141,Talen Horton-Tucker,"$10,260,000 ","$11,020,000 ",$0 ,$0 ,-0.8825940513427588
142,Jae Crowder,"$10,183,800 ",$0 ,$0 ,$0 ,-0.8765125298432841
143,Ivica Zubac,"$10,123,457 ","$10,933,333 ","$11,743,210 ",$0 ,-0.8704310083438093
144,Reggie Bullock,"$10,012,800 ","$10,489,600 ",$0 ,$0 ,-0.8643494868443345
144,Alec Burks,"$10,012,800 ","$10,489,600 ",$0 ,$0 ,-0.8643494868443345
146,Chet Holmgren,"$9,891,240 ","$10,386,000 ","$10,880,640 ","$13,731,368 ",-0.8521864438453851
147,De'Andre Hunter,"$9,835,881 ","$20,089,286 ","$21,696,429 ","$23,303,571 ",-0.8461049223459104
148,Larry Nance Jr,"$9,672,727 ","$10,375,000 ","$11,205,000 ",$0 ,-0.8400234008464357
149,James Wiseman,"$9,603,360 ","$12,119,440 ","$15,815,870 ",$0 ,-0.833941879346961
150,Landry Shamet,"$9,500,000 ","$10,250,000 ","$11,000,000 ","$11,750,000 ",-0.8278603578474862
151,Malik Monk,"$9,472,219 ","$9,945,830 ",$0 ,$0 ,-0.8217788363480114
152,Jalen Green,"$9,441,840 ","$9,891,480 ","$12,483,048 ","$16,290,377 ",-0.8156973148485367
153,Jakob Poeltl,"$9,398,148 ",$0 ,$0 ,$0 ,-0.809615793349062
154,Nerlens Noel,"$9,391,069 ",$0 ,$0 ,$0 ,-0.8035342718495873
155,Nicolas Claxton,"$9,350,000 ","$9,625,000 ",$0 ,$0 ,-0.7974527503501125
156,Dario Saric,"$9,240,000 ",$0 ,$0 ,$0 ,-0.7913712288506378
157,Royce O'Neale,"$9,200,000 ","$9,500,000 ",$0 ,$0 ,-0.7852897073511631
158,Monte Morris,"$9,125,000 ","$9,800,926 ",$0 ,$0 ,-0.7792081858516884
159,Mason Plumlee,"$9,080,417 ",$0 ,$0 ,$0 ,-0.7731266643522137
160,Alex Caruso,"$9,030,000 ","$9,460,000 ","$9,890,000 ",$0 ,-0.7670451428527388
161,Maxi Kleber,"$9,000,000 ","$11,000,000 ","$11,000,000 ","$11,000,000 ",-0.7609636213532641
162,Grayson Allen,"$8,925,000 ","$8,925,000 ",$0 ,$0 ,-0.7548820998537894
163,Darius Garland,"$8,920,794 ","$33,500,000 ","$36,180,000 ","$38,860,000 ",-0.7488005783543147
164,Jabari Smith,"$8,882,640 ","$9,326,520 ","$9,770,880 ","$12,350,392 ",-0.74271905685484
165,Isaiah Hartenstein,"$8,854,879 ","$9,245,121 ",$0 ,$0 ,-0.7366375353553652
166,Kyle Anderson,"$8,780,488 ","$9,219,512 ",$0 ,$0 ,-0.7305560138558905
167,Victor Oladipo,"$8,750,000 ","$9,450,000 ",$0 ,$0 ,-0.7244744923564158
168,Daniel Theis,"$8,694,369 ","$9,108,386 ","$9,522,404 ",$0 ,-0.718392970856941
169,LaMelo Ball,"$8,623,920 ","$10,900,635 ","$14,301,633 ",$0 ,-0.7123114493574663
170,Seth Curry,"$8,496,653 ",$0 ,$0 ,$0 ,-0.7062299278579915
171,Evan Mobley,"$8,478,720 ","$8,882,640 ","$11,227,657 ","$14,730,686 ",-0.7001484063585168
172,Gary Payton II,"$8,300,000 ","$8,715,000 ","$9,130,000 ",$0 ,-0.6940668848590421
173,Dewayne Dedmon,"$8,283,688 ","$2,748,674 ","$2,748,674 ",$0 ,-0.6879853633595674
174,De'Anthony Melton,"$8,250,000 ","$8,000,000 ",$0 ,$0 ,-0.6819038418600927
175,JaMychal Green,"$8,200,000 ",$0 ,$0 ,$0 ,-0.675822320360618
176,TJ McConnell,"$8,100,000 ","$8,700,000 ","$9,300,000 ",$0 ,-0.6697407988611432
177,Keegan Murray,"$8,008,440 ","$8,409,000 ","$8,809,560 ","$11,144,093 ",-0.6636592773616684
178,Kevon Looney,"$8,000,000 ","$8,500,000 ","$9,000,000 ",$0 ,-0.6575777558621937
178,Thaddeus Young,"$8,000,000 ","$8,000,000 ",$0 ,$0 ,-0.6575777558621937
180,Delon Wright,"$7,804,878 ","$8,195,122 ",$0 ,$0 ,-0.6454147128632443
181,Patrick Williams,"$7,775,400 ","$9,835,881 ","$12,973,527 ",$0 ,-0.6393331913637695
182,Scottie Barnes,"$7,644,600 ","$8,008,680 ","$10,130,980 ","$13,362,763 ",-0.6332516698642948
183,Cedi Osman,"$7,426,088 ","$6,718,842 ",$0 ,$0 ,-0.6271701483648201
184,Coby White,"$7,413,955 ","$9,942,113 ",$0 ,$0 ,-0.6210886268653454
185,Zach Collins,"$7,350,000 ","$7,700,000 ",$0 ,$0 ,-0.6150071053658706
186,Taurean Prince,"$7,295,000 ","$7,650,000 ",$0 ,$0 ,-0.6089255838663958
187,Jaden Ivey,"$7,252,200 ","$7,614,480 ","$7,977,240 ","$10,107,163 ",-0.6028440623669211
188,Jae'Sean Tate,"$7,065,217 ","$6,500,000 ","$7,065,217 ",$0 ,-0.5967625408674464
189,Isaac Okoro,"$7,040,880 ","$8,920,794 ","$11,828,974 ",$0 ,-0.5906810193679717
190,Cody Martin,"$7,000,000 ","$7,560,000 ","$8,120,000 ","$8,680,000 ",-0.584599497868497
191,Jalen Suggs,"$6,922,320 ","$7,252,080 ","$9,188,385 ","$12,183,799 ",-0.5785179763690222
192,Jaxson Hayes,"$6,803,012 ","$9,170,460 ",$0 ,$0 ,-0.5724364548695475
193,Khem Birch,"$6,667,500 ","$6,985,000 ",$0 ,$0 ,-0.5663549333700728
194,Bennedict Mathurin,"$6,586,800 ","$6,916,080 ","$7,245,720 ","$9,187,573 ",-0.560273411870598
195,Patrick Mills,"$6,479,000 ","$6,802,950 ",$0 ,$0 ,-0.5541918903711233
195,Bruce Brown,"$6,479,000 ","$6,802,950 ",$0 ,$0 ,-0.5541918903711233
195,Caleb Martin,"$6,479,000 ","$6,802,950 ","$7,126,900 ",$0 ,-0.5541918903711233
195,Lonnie Walker,"$6,479,000 ",$0 ,$0 ,$0 ,-0.5541918903711233
195,Joe Ingles,"$6,479,000 ",$0 ,$0 ,$0 ,-0.5541918903711233
200,Onyeka Okongwu,"$6,395,160 ","$8,109,063 ","$10,817,490 ",$0 ,-0.5237842828737497
201,Josh Giddey,"$6,287,400 ","$6,587,040 ","$8,352,367 ","$11,142,057 ",-0.517702761374275
202,Rui Hachimura,"$6,263,188 ","$8,486,619 ",$0 ,$0 ,-0.5116212398748001
203,Rudy Gay,"$6,184,500 ","$6,479,000 ",$0 ,$0 ,-0.5055397183753254
204,Jevon Carter,"$6,025,000 ","$2,239,943 ",$0 ,$0 ,-0.4994581968758507
205,Shaedon Sharpe,"$6,012,960 ","$6,313,800 ","$6,614,160 ","$8,399,983 ",-0.493376675376376
206,Cameron Payne,"$6,000,000 ","$6,500,000 ",$0 ,$0 ,-0.48729515387690125
206,Otto Porter,"$6,000,000 ","$6,300,000 ",$0 ,$0 ,-0.48729515387690125
208,Justin Holiday,"$5,987,975 ",$0 ,$0 ,$0 ,-0.4751321108779518
209,Cam Reddish,"$5,954,454 ","$8,109,966 ",$0 ,$0 ,-0.46905058937847705
210,Cameron Johnson,"$5,887,899 ","$8,060,533 ",$0 ,$0 ,-0.4629690678790023
211,Ricky Rubio,"$5,853,659 ","$6,146,342 ","$6,439,025 ",$0 ,-0.4568875463795276
212,Killian Hayes,"$5,837,760 ","$7,413,955 ","$9,942,114 ",$0 ,-0.4508060248800529
213,PJ Washington,"$5,808,435 ","$7,992,407 ",$0 ,$0 ,-0.4447245033805781
214,Jonathan Kuminga,"$5,739,840 ","$6,012,840 ","$7,636,307 ","$10,240,287 ",-0.4386429818811034
215,Pat Connaughton,"$5,728,393 ","$9,423,869 ","$9,423,869 ","$9,423,869 ",-0.4325614603816287
216,Tyler Herro,"$5,722,116 ","$27,000,000 ","$29,000,000 ","$31,000,000 ",-0.42647993888215396
217,Romeo Langford,"$5,634,257 ","$7,837,251 ",$0 ,$0 ,-0.4203984173826792
218,Dyson Daniels,"$5,508,600 ","$5,784,120 ","$6,059,520 ","$7,707,709 ",-0.4143168958832045
219,JaVale McGee,"$5,461,219 ","$5,734,280 ","$6,007,341 ",$0 ,-0.40823537438372975
220,Goga Bitadze,"$5,377,520 ","$2,066,585 ",$0 ,$0 ,-0.40215385288425504
221,Obi Toppin,"$5,348,280 ","$6,803,012 ","$9,170,460 ",$0 ,-0.39607233138478026
222,Franz Wagner,"$5,258,280 ","$5,508,720 ","$7,007,092 ","$9,445,560 ",-0.38999080988530554
223,Kendrick Nunn,"$5,250,000 ",$0 ,$0 ,$0 ,-0.3839092883858308
224,Hamidou Diallo,"$5,200,000 ",$0 ,$0 ,$0 ,-0.3778277668863561
225,Cory Joseph,"$5,155,500 ",$0 ,$0 ,$0 ,-0.3717462453868814
225,Garrett Temple,"$5,155,500 ","$5,401,000 ",$0 ,$0 ,-0.3717462453868814
227,Torrey Craig,"$5,121,951 ",$0 ,$0 ,$0 ,-0.3595832023879319
228,Jeremy Sochan,"$5,063,520 ","$5,316,960 ","$5,570,040 ","$7,096,231 ",-0.3535016808884572
229,David Nwaba,"$5,022,000 ","$5,394,000 ",$0 ,$0 ,-0.34742015938898246
230,Nickeil Alexander-Walker,"$5,009,633 ","$7,073,602 ",$0 ,$0 ,-0.3413386378895077
231,Furkan Korkmaz,"$5,000,000 ","$5,370,370 ",$0 ,$0 ,-0.33525711639003297
232,Deni Avdija,"$4,916,160 ","$6,263,188 ","$8,486,619 ",$0 ,-0.32917559489055825
233,Davion Mitchell,"$4,833,600 ","$5,063,640 ","$6,451,077 ","$8,741,210 ",-0.32309407339108354
234,Johnny Davis,"$4,810,320 ","$5,050,800 ","$5,291,160 ","$6,746,229 ",-0.31701255189160876
235,Ty Jerome,"$4,728,948 ","$1,761,752 ",$0 ,$0 ,-0.31093103039213404
236,Ishmael Smith,"$4,725,000 ",$0 ,$0 ,$0 ,-0.3048495088926593
237,Jalen Smith,"$4,670,160 ","$5,043,773 ","$5,417,386 ",$0 ,-0.2987679873931846
238,Ziaire Williams,"$4,591,680 ","$4,810,200 ","$6,133,005 ","$8,353,152 ",-0.29268646589370984
239,Ousmane Dieng,"$4,569,840 ","$4,798,440 ","$5,027,040 ","$6,670,882 ",-0.2866049443942351
240,Moe Harkless,"$4,564,980 ",$0 ,$0 ,$0 ,-0.2805234228947604
241,Donte DiVincenzo,"$4,500,000 ","$4,725,000 ",$0 ,$0 ,-0.2744419013952857
241,Jeff Green,"$4,500,000 ",$0 ,$0 ,$0 ,-0.2744419013952857
243,Devin Vassell,"$4,437,000 ","$5,887,899 ","$8,060,534 ",$0 ,-0.2622788583963362
244,Matisse Thybulle,"$4,379,526 ","$6,275,861 ",$0 ,$0 ,-0.25619733689686147
245,Jarred Vanderbilt,"$4,374,000 ","$4,698,000 ",$0 ,$0 ,-0.25011581539738675
246,James Bouknight,"$4,362,240 ","$4,570,080 ","$6,064,496 ","$8,302,295 ",-0.244034293897912
247,Brandon Clarke,"$4,343,919 ","$12,500,000 ","$12,500,000 ","$12,500,000 ",-0.2379527723984373
248,Jalen Williams,"$4,341,480 ","$4,558,680 ","$4,775,760 ","$6,580,997 ",-0.23187125089896254
249,Grant Williams,"$4,306,281 ","$6,235,494 ",$0 ,$0 ,-0.22578972939948783
250,Darius Bazley,"$4,264,628 ","$6,205,035 ",$0 ,$0 ,-0.21970820790001308
251,Tyrese Haliburton,"$4,215,120 ","$5,808,435 ","$7,992,406 ",$0 ,-0.21362668640053836
252,Nassir Little,"$4,171,548 ","$6,250,000 ","$6,750,000 ","$7,250,000 ",-0.20754516490106362
253,Josh Primo,"$4,144,320 ","$4,341,600 ",$0 ,$0 ,-0.2014636434015889
254,Jalen Duren,"$4,124,280 ","$4,330,680 ","$4,536,840 ","$6,483,144 ",-0.19538212190211415
255,Gorgui Dieng,"$4,105,236 ",$0 ,$0 ,$0 ,-0.18930060040263944
256,Danuel House,"$4,105,000 ","$4,310,250 ",$0 ,$0 ,-0.1832190789031647
257,Boban Marjanovic,"$4,101,478 ",$0 ,$0 ,$0 ,-0.17713755740368997
258,Justise Winslow,"$4,097,561 ",$0 ,$0 ,$0 ,-0.17105603590421523
259,Dylan Windler,"$4,037,277 ","$5,959,021 ",$0 ,$0 ,-0.1649745144047405
260,Stanley Johnson,"$4,022,164 ",$0 ,$0 ,$0 ,-0.1588929929052658
261,Kira Lewis,"$4,004,280 ","$5,722,116 ","$7,913,686 ",$0 ,-0.15281147140579104
262,George Hill,"$4,000,000 ",$0 ,$0 ,$0 ,-0.14672994990631633
262,Terence Davis,"$4,000,000 ",$0 ,$0 ,$0 ,-0.14672994990631633
264,Chris Duarte,"$3,936,960 ","$4,124,400 ","$5,893,768 ","$8,151,081 ",-0.13456690690736686
265,Alex Len,"$3,918,600 ",$0 ,$0 ,$0 ,-0.12848538540789212
266,Ochai Agbaji,"$3,918,360 ","$4,114,200 ","$4,310,280 ","$6,383,525 ",-0.1224038639084174
267,Jordan Poole,"$3,901,399 ","$27,955,357 ","$30,151,786 ","$32,348,215 ",-0.11632234240894268
268,Keldon Johnson,"$3,873,024 ","$20,000,000 ","$19,000,000 ","$17,500,000 ",-0.11024082090946795
269,Sviatoslav Mykhailiuk,"$3,846,895 ",$0 ,$0 ,$0 ,-0.10415929940999322
270,James Johnson,"$3,841,067 ",$0 ,$0 ,$0 ,-0.09807777791051848
271,Aaron Nesmith,"$3,804,360 ","$5,634,257 ","$7,837,251 ",$0 ,-0.09199625641104375
272,Moses Moody,"$3,740,160 ","$3,918,480 ","$5,803,269 ","$8,072,347 ",-0.08591473491156902
273,Mark Williams,"$3,722,040 ","$3,908,160 ","$4,094,280 ","$6,276,531 ",-0.07983321341209429
274,Cole Anthony,"$3,613,680 ","$5,539,771 ","$7,744,600 ",$0 ,-0.07375169191261956
275,Corey Kispert,"$3,552,840 ","$3,722,040 ","$5,705,887 ","$7,976,830 ",-0.06767017041314483
276,AJ Griffin,"$3,536,160 ","$3,712,920 ","$3,889,920 ","$5,967,137 ",-0.061588648913670094
277,Goran Dragic,"$3,523,762 ",$0 ,$0 ,$0 ,-0.05550712741419536
278,Mike Muscala,"$3,500,000 ","$3,500,000 ",$0 ,$0 ,-0.04942560591472063
279,Georges Niang,"$3,465,000 ",$0 ,$0 ,$0 ,-0.0433440844152459
280,Isaiah Stewart,"$3,433,320 ","$5,266,713 ","$7,399,731 ",$0 ,-0.03726256291577117
280,Chuma Okeke,"$3,433,320 ","$5,266,712 ","$7,399,731 ",$0 ,-0.03726256291577117
282,Trey Burke,"$3,423,750 ",$0 ,$0 ,$0 ,-0.025099519916821703
283,Amir Coffey,"$3,395,062 ","$3,666,667 ","$3,938,271 ",$0 ,-0.019017998417346974
284,Alperen Sengun,"$3,375,360 ","$3,536,280 ","$5,424,654 ","$7,621,638 ",-0.012936476917872244
285,Tari Eason,"$3,359,160 ","$3,527,160 ","$3,695,160 ","$5,675,766 ",-0.006854955418397513
286,Aleksej Pokusevski,"$3,261,480 ","$5,009,633 ","$7,073,602 ",$0 ,-0.0007734339189227816
287,Kevin Porter,"$3,217,631 ","$15,860,000 ","$15,860,000 ","$15,860,000 ",0.005308087580551949
288,Trey Murphy,"$3,206,520 ","$3,359,280 ","$5,159,854 ","$7,285,713 ",0.01138960908002668
289,Simone Fontecchio,"$3,205,128 ","$3,044,872 ",$0 ,$0 ,0.017471130579501414
290,Andre Drummond,"$3,200,000 ","$3,360,000 ",$0 ,$0 ,0.023552652078976145
290,Derrick Jones,"$3,200,000 ","$3,360,000 ",$0 ,$0 ,0.023552652078976145
292,Dalen Terry,"$3,191,400 ","$3,350,760 ","$3,510,480 ","$5,399,118 ",0.0357156950779256
293,Sterling Brown,"$3,122,602 ",$0 ,$0 ,$0 ,0.041797216577400334
294,Josh Green,"$3,098,400 ","$4,765,339 ","$6,762,016 ",$0 ,0.047878738076875066
295,Jake LaRavia,"$3,047,640 ","$3,199,920 ","$3,352,680 ","$5,163,127 ",0.0539602595763498
296,Tre Mann,"$3,046,200 ","$3,191,400 ","$4,908,373 ","$6,964,982 ",0.06004178107582453
297,Kevin Knox,"$3,000,000 ","$3,000,000 ",$0 ,$0 ,0.06612330257529926
298,Saddiq Bey,"$2,959,080 ","$4,556,983 ","$6,498,258 ",$0 ,0.072204824074774
299,Malaki Branham,"$2,925,600 ","$3,071,880 ","$3,217,920 ","$4,962,033 ",0.07828634557424873
300,Joe Wieskamp,"$2,909,261 ","$1,927,896 ",$0 ,$0 ,0.08436786707372346
301,Kai Jones,"$2,909,040 ","$3,047,880 ","$4,693,735 ","$6,693,266 ",0.09044938857319819
302,Blake Griffin,"$2,905,851 ",$0 ,$0 ,$0 ,0.0965309100726729
302,Robin Lopez,"$2,905,851 ",$0 ,$0 ,$0 ,0.0965309100726729
302,Markieff Morris,"$2,905,851 ",$0 ,$0 ,$0 ,0.0965309100726729
302,Andre Iguodala,"$2,905,851 ",$0 ,$0 ,$0 ,0.0965309100726729
302,Serge Ibaka,"$2,905,851 ",$0 ,$0 ,$0 ,0.0965309100726729
302,Udonis Haslem,"$2,905,851 ",$0 ,$0 ,$0 ,0.0965309100726729
302,Wesley Matthews,"$2,905,851 ",$0 ,$0 ,$0 ,0.0965309100726729
302,Austin Rivers,"$2,905,851 ",$0 ,$0 ,$0 ,0.0965309100726729
302,Bismack Biyombo,"$2,905,851 ",$0 ,$0 ,$0 ,0.0965309100726729
302,Taj Gibson,"$2,905,851 ",$0 ,$0 ,$0 ,0.0965309100726729
312,RJ Hampton,"$2,898,243 ","$1,927,896 ",$0 ,$0 ,0.15734612506742024
313,Andrew Nicholson,"$2,844,429 ","$2,844,429 ",$0 ,$0 ,0.16342764656689496
314,Precious Achiuwa,"$2,840,160 ","$4,379,526 ","$6,275,861 ",$0 ,0.1695091680663697
315,Christian Braun,"$2,808,600 ","$2,949,120 ","$3,089,640 ","$4,921,797 ",0.17559068956584442
316,Jordan Nwora,"$2,800,000 ","$3,000,000 ",$0 ,$0 ,0.18167221106531917
317,Jalen Johnson,"$2,792,640 ","$2,925,360 ","$4,510,905 ","$6,464,127 ",0.18775373256479388
318,Tyrese Maxey,"$2,726,880 ","$4,343,920 ","$6,259,588 ",$0 ,0.19383525406426863
319,Bruno Fernando,"$2,717,391 ","$2,581,522 ","$2,717,391 ","$2,853,260 ",0.19991677556374335
320,Walker Kessler,"$2,696,400 ","$2,831,160 ","$2,965,920 ","$4,878,938 ",0.2059982970632181
321,Keon Johnson,"$2,681,040 ","$2,808,720 ","$4,474,291 ","$6,447,453 ",0.2120798185626928
322,Charles Bassey,"$2,674,742 ","$2,600,000 ","$2,500,000 ","$2,500,000 ",0.21816134006216756
323,Dennis Schroeder,"$2,641,682 ",$0 ,$0 ,$0 ,0.22424286156164228
324,TJ Warren,"$2,628,597 ",$0 ,$0 ,$0 ,0.23032438306111702
324,Matthew Dellavedova,"$2,628,597 ",$0 ,$0 ,$0 ,0.23032438306111702
326,Trey Lyles,"$2,625,000 ",$0 ,$0 ,$0 ,0.24248742606006649
327,Zeke Nnaji,"$2,617,800 ","$4,306,281 ","$6,235,495 ",$0 ,0.2485689475595412
328,David Roddy,"$2,588,640 ","$2,718,240 ","$2,847,240 ","$4,831,766 ",0.25465046905901595
329,Isaiah Jackson,"$2,573,760 ","$2,696,280 ","$4,435,380 ","$6,422,431 ",0.26073199055849067
330,MarJon Beauchamp,"$2,485,200 ","$2,609,400 ","$2,733,720 ","$4,781,276 ",0.2668135120579654
331,Usman Garuba,"$2,471,160 ","$2,588,400 ","$4,392,515 ","$6,391,109 ",0.2728950335574401
332,Montrezl Harrell,"$2,463,490 ","$2,760,026 ",$0 ,$0 ,0.2789765550569149
332,Raul Neto,"$2,463,490 ",$0 ,$0 ,$0 ,0.2789765550569149
332,Frank Kaminsky,"$2,463,490 ",$0 ,$0 ,$0 ,0.2789765550569149
335,Willy Hernangomez,"$2,443,581 ","$2,559,942 ",$0 ,$0 ,0.29722111955533903
336,Theo Maledon,"$2,408,891 ","$1,761,752 ",$0 ,$0 ,0.3033026410548138
337,Blake Wesley,"$2,385,480 ","$2,504,640 ","$2,624,280 ","$4,726,328 ",0.3093841625542885
338,Josh Christopher,"$2,372,160 ","$2,485,200 ","$4,346,615 ","$6,354,751 ",0.31546568405376324
339,Isaiah Roby,"$2,330,681 ","$2,066,585 ",$0 ,$0 ,0.32154720555323796
340,Lindy Waters III,"$2,316,876 ","$1,927,896 ",$0 ,$0 ,0.32762872705271273
341,Immanuel Quickley,"$2,316,240 ","$4,171,548 ","$6,128,004 ",$0 ,0.33371024855218745
342,Wendell Moore,"$2,306,520 ","$2,421,720 ","$2,537,040 ","$4,574,283 ",0.33979177005166217
343,John Konchar,"$2,300,000 ","$2,400,000 ","$6,165,000 ","$6,165,000 ",0.3458732915511369
344,Damian Jones,"$2,298,385 ","$2,586,665 ",$0 ,$0 ,0.35195481305061166
344,Rodney McGruder,"$2,298,385 ",$0 ,$0 ,$0 ,0.35195481305061166
344,Bryn Forbes,"$2,298,385 ",$0 ,$0 ,$0 ,0.35195481305061166
344,Juan Hernangomez,"$2,298,385 ",$0 ,$0 ,$0 ,0.35195481305061166
348,Quentin Grimes,"$2,277,000 ","$2,385,720 ","$4,296,682 ","$6,311,825 ",0.37628089904851053
349,Saben Lee,"$2,266,640 ","$1,761,752 ",$0 ,$0 ,0.3823624205479853
350,Andrew Nembhard,"$2,244,111 ","$2,131,905 ","$2,019,699 ","$2,187,451 ",0.38844394204746
351,Nikola Jovic,"$2,239,920 ","$2,352,000 ","$2,464,200 ","$4,445,417 ",0.39452546354693474
352,Payton Pritchard,"$2,239,200 ","$4,037,277 ","$5,959,021 ",$0 ,0.40060698504640946
353,Vlatko Cancar,"$2,234,359 ","$2,234,359 ","$2,346,606 ",$0 ,0.40668850654588423
354,Patrick Baldwin,"$2,226,000 ","$2,337,720 ","$2,448,840 ","$4,420,156 ",0.41277002804535895
355,TyTy Washington,"$2,210,040 ","$2,320,440 ","$2,431,080 ","$4,388,099 ",0.41885154954483367
356,Bones Hyland,"$2,201,520 ","$2,306,400 ","$4,158,439 ","$6,137,856 ",0.4249330710443084
357,Bol Bol,"$2,200,000 ","$2,200,000 ",$0 ,$0 ,0.43101459254378316
358,Peyton Watson,"$2,193,960 ","$2,303,520 ","$2,413,560 ","$4,356,476 ",0.4370961140432579
359,Marquese Chriss,"$2,193,920 ",$0 ,$0 ,$0 ,0.4431776355427326
360,Udoka Azubuike,"$2,174,880 ",$0 ,$0 ,$0 ,0.4492591570422073
361,Jaden McDaniels,"$2,161,440 ","$3,901,399 ","$5,813,084 ",$0 ,0.4553406785416821
362,Jordan McLaughlin,"$2,160,000 ","$2,320,000 ",$0 ,$0 ,0.4614222000411568
363,Malachi Flynn,"$2,145,720 ","$3,873,024 ","$5,809,537 ",$0 ,0.4675037215406315
364,Cam Thomas,"$2,138,160 ","$2,240,160 ","$4,041,249 ","$5,993,172 ",0.47358524304010624
365,Luke Kornet,"$2,133,278 ","$2,413,304 ",$0 ,$0 ,0.47966676453958096
365,Dennis Smith,"$2,133,278 ",$0 ,$0 ,$0 ,0.47966676453958096
365,Damion Lee,"$2,133,278 ",$0 ,$0 ,$0 ,0.47966676453958096
365,Juan Toscano-Anderson,"$2,133,278 ",$0 ,$0 ,$0 ,0.47966676453958096
369,Desmond Bane,"$2,130,240 ","$3,845,083 ","$5,767,625 ",$0 ,0.5039928505374799
370,Jaden Springer,"$2,125,200 ","$2,226,240 ","$4,018,363 ","$5,987,361 ",0.5100743720369546
371,Day'Ron Sharpe,"$2,109,480 ","$2,210,040 ","$3,989,122 ","$5,983,683 ",0.5161558935364293
372,Santiago Aldama,"$2,094,120 ","$2,194,200 ","$3,960,531 ","$5,940,797 ",0.5222374150359042
373,Tony Bradley,"$2,036,318 ",$0 ,$0 ,$0 ,0.5283189365353789
373,Frank Ntilikina,"$2,036,318 ",$0 ,$0 ,$0 ,0.5283189365353789
375,Kenrich Williams,"$2,000,000 ","$6,175,000 ","$6,669,000 ","$7,163,000 ",0.5404819795343283
375,Garrison Mathews,"$2,000,000 ","$2,000,000 ","$2,230,253 ",$0 ,0.5404819795343283
375,Jaylin Williams,"$2,000,000 ","$2,000,000 ","$2,019,699 ","$2,187,699 ",0.5404819795343283
375,Caleb Houstan,"$2,000,000 ","$2,000,000 ","$2,019,699 ","$2,187,451 ",0.5404819795343283
375,Jeremiah Robinson-Earl,"$2,000,000 ","$1,900,000 ","$1,988,598 ",$0 ,0.5404819795343283
380,Shake Milton,"$1,997,718 ",$0 ,$0 ,$0 ,0.5708895870317019
381,Edmond Sumner,"$1,968,175 ","$2,239,943 ",$0 ,$0 ,0.5769711085311767
381,Aaron Holiday,"$1,968,175 ",$0 ,$0 ,$0 ,0.5769711085311767
381,Yuta Watanabe,"$1,968,175 ",$0 ,$0 ,$0 ,0.5769711085311767
381,Theo Pinson,"$1,968,175 ",$0 ,$0 ,$0 ,0.5769711085311767
381,Thomas Bryant,"$1,968,175 ",$0 ,$0 ,$0 ,0.5769711085311767
381,Troy Brown,"$1,968,175 ",$0 ,$0 ,$0 ,0.5769711085311767
381,Josh Okogie,"$1,968,175 ",$0 ,$0 ,$0 ,0.5769711085311767
381,Drew Eubanks,"$1,968,175 ",$0 ,$0 ,$0 ,0.5769711085311767
389,Daniel Gafford,"$1,930,681 ","$12,402,000 ","$13,394,160 ","$14,386,320 ",0.6256232805269746
389,Terance Mann,"$1,930,681 ","$10,576,923 ","$11,423,077 ",$0 ,0.6256232805269746
389,Dean Wade,"$1,930,681 ","$5,709,877 ","$6,166,667 ","$6,623,456 ",0.6256232805269746
389,Jaylen Nowell,"$1,930,681 ",$0 ,$0 ,$0 ,0.6256232805269746
389,Naz Reid,"$1,930,681 ",$0 ,$0 ,$0 ,0.6256232805269746
389,Jalen McDaniels,"$1,930,681 ",$0 ,$0 ,$0 ,0.6256232805269746
395,Chimezie Metu,"$1,910,860 ",$0 ,$0 ,$0 ,0.6621124095238229
396,Davon Reed,"$1,902,133 ",$0 ,$0 ,$0 ,0.6681939310232976
396,KZ Okpala,"$1,902,133 ",$0 ,$0 ,$0 ,0.6681939310232976
398,Killian Tillie,"$1,901,625 ",$0 ,$0 ,$0 ,0.6803569740222472
399,Vernon Carey,"$1,882,621 ","$1,997,238 ",$0 ,$0 ,0.6864384955217219
400,Wenyen Gabriel,"$1,878,720 ",$0 ,$0 ,$0 ,0.6925200170211966
400,Thanasis Antetokounmpo,"$1,878,720 ",$0 ,$0 ,$0 ,0.6925200170211966
400,Moritz Wagner,"$1,878,720 ",$0 ,$0 ,$0 ,0.6925200170211966
400,Keita Bates-Diop,"$1,878,720 ",$0 ,$0 ,$0 ,0.6925200170211966
404,Oshae Brissett,"$1,846,738 ",$0 ,$0 ,$0 ,0.7168461030190955
405,Isaiah Joe,"$1,836,090 ","$1,997,238 ","$2,164,993 ",$0 ,0.7229276245185702
405,Anthony Gill,"$1,836,090 ","$1,997,238 ",$0 ,$0 ,0.7229276245185702
405,Nathan Knight,"$1,836,090 ","$1,997,238 ",$0 ,$0 ,0.7229276245185702
405,Justin Jackson,"$1,836,090 ",$0 ,$0 ,$0 ,0.7229276245185702
405,Ryan Arcidiacono,"$1,836,090 ",$0 ,$0 ,$0 ,0.7229276245185702
410,Javonte Green,"$1,815,677 ",$0 ,$0 ,$0 ,0.7533352320159439
410,Max Strus,"$1,815,677 ",$0 ,$0 ,$0 ,0.7533352320159439
410,Gabe Vincent,"$1,815,677 ",$0 ,$0 ,$0 ,0.7533352320159439
413,Herb Jones,"$1,785,000 ","$1,836,096 ",$0 ,$0 ,0.771579796514368
414,KJ Martin,"$1,782,621 ","$1,930,681 ",$0 ,$0 ,0.7776613180138428
414,Nick Richards,"$1,782,621 ","$5,000,000 ","$5,000,000 ","$5,000,000 ",0.7776613180138428
414,Lamar Stevens,"$1,782,621 ","$1,930,681 ",$0 ,$0 ,0.7776613180138428
414,Tyrell Terry,"$1,782,621 ",$0 ,$0 ,$0 ,0.7776613180138428
414,Xavier Tillman,"$1,782,621 ","$1,930,681 ",$0 ,$0 ,0.7776613180138428
414,Naji Marshall,"$1,782,621 ","$1,930,681 ",$0 ,$0 ,0.7776613180138428
414,Paul Reed,"$1,782,621 ",$0 ,$0 ,$0 ,0.7776613180138428
414,Tre Jones,"$1,782,621 ",$0 ,$0 ,$0 ,0.7776613180138428
422,Haywood Highsmith,"$1,752,638 ","$1,902,137 ",$0 ,$0 ,0.8263134900096406
422,Omer Yurtseven,"$1,752,638 ",$0 ,$0 ,$0 ,0.8263134900096406
424,Leandro Bolmaro,"$1,709,300 ",$0 ,$0 ,$0 ,0.8384765330085902
425,Terry Taylor,"$1,703,902 ",$0 ,$0 ,$0 ,0.8445580545080649
426,Jared Butler,"$1,674,655 ",$0 ,$0 ,$0 ,0.8506395760075396
427,Jericho Sims,"$1,639,842 ","$1,927,896 ","$2,092,344 ",$0 ,0.8567210975070143
428,Sam Hauser,"$1,637,966 ","$1,927,896 ","$2,092,344 ",$0 ,0.862802619006489
428,Kessler Edwards,"$1,637,966 ","$1,927,896 ",$0 ,$0 ,0.862802619006489
430,Isaiah Todd,"$1,575,000 ","$1,836,096 ","$1,988,598 ",$0 ,0.8749656620054385
431,Vit Krejci,"$1,563,518 ","$1,836,096 ","$1,988,598 ",$0 ,0.8810471835049133
431,JT Thor,"$1,563,518 ","$1,836,096 ","$1,988,598 ",$0 ,0.8810471835049133
431,Marko Simonovic,"$1,563,518 ","$1,836,096 ",$0 ,$0 ,0.8810471835049133
431,BJ Boston,"$1,563,518 ","$1,836,096 ",$0 ,$0 ,0.8810471835049133
431,Jason Preston,"$1,563,518 ","$1,836,096 ",$0 ,$0 ,0.8810471835049133
431,Aaron Wiggins,"$1,563,518 ","$1,836,096 ","$1,988,598 ",$0 ,0.8810471835049133
431,Trendon Watford,"$1,563,518 ","$1,836,096 ","$1,988,598 ",$0 ,0.8810471835049133
431,Ayo Dosunmu,"$1,563,518 ",$0 ,$0 ,$0 ,0.8810471835049133
431,Isaiah Livers,"$1,563,518 ","$1,836,096 ",$0 ,$0 ,0.8810471835049133
431,Daishen Nix,"$1,563,518 ","$1,836,096 ","$1,988,598 ",$0 ,0.8810471835049133
431,Austin Reaves,"$1,563,518 ",$0 ,$0 ,$0 ,0.8810471835049133
431,Jose Alvarado,"$1,563,518 ","$1,836,096 ","$1,988,598 ",$0 ,0.8810471835049133
431,Miles McBride,"$1,563,518 ","$1,836,096 ",$0 ,$0 ,0.8810471835049133
431,Jock Landale,"$1,563,518 ",$0 ,$0 ,$0 ,0.8810471835049133
431,Greg Brown,"$1,563,518 ",$0 ,$0 ,$0 ,0.8810471835049133
431,Dalano Banton,"$1,563,518 ",$0 ,$0 ,$0 ,0.8810471835049133
447,Kenneth Lofton,"$1,505,966 ","$1,719,864 ","$2,019,699 ","$2,187,699 ",0.9783515274965089
448,Christian Koloko,"$1,500,000 ","$1,719,864 ","$2,019,699 ",$0 ,0.9844330489959837
449,Bryce McGowens,"$1,461,055 ","$1,719,864 ","$2,019,699 ","$2,187,699 ",0.9905145704954584
450,Eric Bledsoe,"$1,300,000 ","$1,300,000 ","$1,300,000 ",$0 ,0.9965960919949332
451,Jordan Goodwin,"$1,280,206 ","$1,927,896 ","$2,092,344 ",$0 ,1.0026776134944078
452,Kennedy Chandler,"$1,200,000 ","$1,719,864 ","$2,019,699 ","$2,187,699 ",1.0087591349938825
453,Noah Vonleh,"$1,160,955 ",$0 ,$0 ,$0 ,1.0148406564933572
454,Sandro Mamukelashvili,"$1,116,112 ",$0 ,$0 ,$0 ,1.020922177992832
455,Sam Merrill,"$1,105,522 ","$1,997,238 ","$2,164,993 ",$0 ,1.0270036994923066
456,Zhaire Smith,"$1,068,200 ",$0 ,$0 ,$0 ,1.0330852209917814
457,Tyrese Martin,"$1,017,781 ","$1,719,864 ",$0 ,$0 ,1.039166742491256
457,Jaden Hardy,"$1,017,781 ","$1,719,864 ","$2,019,699 ",$0 ,1.039166742491256
457,Ryan Rollins,"$1,017,781 ","$1,719,864 ","$2,019,699 ",$0 ,1.039166742491256
457,Max Christie,"$1,017,781 ","$1,719,864 ",$0 ,$0 ,1.039166742491256
457,Josh Minott,"$1,017,781 ","$1,719,864 ","$2,019,699 ","$2,187,699 ",1.039166742491256
457,Jabari Walker,"$1,017,781 ","$1,719,864 ","$2,019,699 ",$0 ,1.039166742491256
463,Eugene Omoruyi,"$1,013,119 ","$1,927,896 ",$0 ,$0 ,1.0756558714881046
464,Kris Dunn,"$1,000,001 ","$2,586,484 ",$0 ,$0 ,1.0817373929875793
465,Kyle Singler,"$999,200 ",$0 ,$0 ,$0 ,1.087818914487054
466,Ishmail Wainright,"$980,057 ","$1,927,896 ",$0 ,$0 ,1.0939004359865288
467,Admiral Schofield,"$877,940 ","$1,997,238 ",$0 ,$0 ,1.0999819574860035
468,Justin Champagnie,"$853,241 ","$1,927,896 ",$0 ,$0 ,1.1060634789854782
469,Trevelin Queen,"$838,891 ",$0 ,$0 ,$0 ,1.112145000484953
470,Moses Brown,"$824,041 ",$0 ,$0 ,$0 ,1.1182265219844276
471,Matt Ryan,"$806,097 ","$1,761,752 ",$0 ,$0 ,1.1243080434839023
472,DaQuan Jeffries,"$799,403 ","$2,066,585 ",$0 ,$0 ,1.130389564983377
473,PJ Dozier,"$784,654 ","$2,413,304 ",$0 ,$0 ,1.1364710864828518
474,Cody Zeller,"$743,922 ",$0 ,$0 ,$0 ,1.1425526079823265
475,Meyers Leonard,"$713,558 ",$0 ,$0 ,$0 ,1.1486341294818012
476,Nik Stauskas,"$702,311 ","$702,311 ","$702,311 ",$0 ,1.154715650981276
477,Anthony Lamb,"$694,878 ","$1,761,752 ",$0 ,$0 ,1.1607971724807506
478,Michael Carter-Williams,"$652,829 ","$3,051,144 ",$0 ,$0 ,1.1668786939802256
479,DJ Augustin,"$633,938 ",$0 ,$0 ,$0 ,1.1729602154797003
480,Duane Washington Jr,"$628,802 ",$0 ,$0 ,$0 ,1.179041736979175
481,Carlik Jones,"$612,162 ","$1,927,896 ","$2,092,344 ",$0 ,1.1851232584786497
482,Juwan Morgan,"$576,230 ","$576,230 ","$576,230 ",$0 ,1.1912047799781245
483,Malik Fitts,"$555,217 ","$555,217 ","$555,217 ",$0 ,1.1972863014775992
484,Luka Samanic,"$538,317 ","$2,066,585 ",$0 ,$0 ,1.203367822977074
485,David Duke,"$531,283 ","$1,761,752 ",$0 ,$0 ,1.2094493444765486
486,Trevor Keels,"$520,589 ",$0 ,$0 ,$0 ,1.2155308659760233
487,Dereon Seabron,"$511,816 ","$547,349 ",$0 ,$0 ,1.221612387475498
488,Cole Swider,"$508,891 ","$547,349 ",$0 ,$0 ,1.2276939089749728
488,Vince Williams Jr,"$508,891 ","$547,349 ",$0 ,$0 ,1.2276939089749728
488,EJ Liddell,"$508,891 ","$547,349 ",$0 ,$0 ,1.2276939089749728
488,Kevon Harris,"$508,891 ","$547,349 ",$0 ,$0 ,1.2276939089749728
488,Micah Potter,"$508,891 ","$547,349 ",$0 ,$0 ,1.2276939089749728
488,Trent Forrest,"$508,891 ","$1,761,752 ",$0 ,$0 ,1.2276939089749728
488,JD Davison,"$508,891 ","$1,761,752 ",$0 ,$0 ,1.2276939089749728
488,Mfiondu Kabengele,"$508,891 ","$1,761,752 ",$0 ,$0 ,1.2276939089749728
488,Malcolm Hill,"$508,891 ",$0 ,$0 ,$0 ,1.2276939089749728
488,Mamadi Diakite,"$508,891 ","$1,761,752 ",$0 ,$0 ,1.2276939089749728
488,Isaiah Mobley,"$508,891 ","$1,761,752 ",$0 ,$0 ,1.2276939089749728
488,McKinley Wright,"$508,891 ","$1,761,752 ",$0 ,$0 ,1.2276939089749728
488,Collin Gillespie,"$508,891 ","$1,761,752 ",$0 ,$0 ,1.2276939089749728
488,Jack White,"$508,891 ","$1,761,752 ",$0 ,$0 ,1.2276939089749728
488,Buddy Boeheim,"$508,891 ","$1,761,752 ",$0 ,$0 ,1.2276939089749728
488,Darius Days,"$508,891 ","$1,761,752 ",$0 ,$0 ,1.2276939089749728
488,Trevor Hudgins,"$508,891 ","$1,761,752 ",$0 ,$0 ,1.2276939089749728
488,Kendall Brown,"$508,891 ","$1,761,752 ",$0 ,$0 ,1.2276939089749728
488,Moussa Diabate,"$508,891 ","$1,761,752 ",$0 ,$0 ,1.2276939089749728
488,Scottie Pippen Jr,"$508,891 ","$1,761,752 ",$0 ,$0 ,1.2276939089749728
488,Jamal Cain,"$508,891 ","$1,761,752 ",$0 ,$0 ,1.2276939089749728
488,AJ Green,"$508,891 ","$1,761,752 ",$0 ,$0 ,1.2276939089749728
488,Luka Garza,"$508,891 ","$1,761,752 ",$0 ,$0 ,1.2276939089749728
488,Keon Ellis,"$508,891 ","$1,761,752 ",$0 ,$0 ,1.2276939089749728
488,Neemias Queta,"$508,891 ","$1,761,752 ",$0 ,$0 ,1.2276939089749728
488,Dominick Barlow,"$508,891 ","$1,761,752 ",$0 ,$0 ,1.2276939089749728
488,Julian Champagnie,"$508,891 ","$1,761,752 ",$0 ,$0 ,1.2276939089749728
488,Jeff Dowtin,"$508,891 ","$1,761,752 ",$0 ,$0 ,1.2276939089749728
488,Ron Harper Jr,"$508,891 ","$1,761,752 ",$0 ,$0 ,1.2276939089749728
488,Johnny Juzang,"$508,891 ","$1,761,752 ",$0 ,$0 ,1.2276939089749728
518,John Butler,"$503,041 ","$1,761,752 ",$0 ,$0 ,1.4101395539592148
519,Chima Moneke,"$500,000 ",$0 ,$0 ,$0 ,1.4162210754586895
520,Facundo Campazzo,"$464,299 ",$0 ,$0 ,$0 ,1.4223025969581642
521,Orlando Robinson,"$386,055 ","$1,761,752 ",$0 ,$0 ,1.428384118457639
522,Dru Smith,"$374,357 ",$0 ,$0 ,$0 ,1.4344656399571136
523,AJ Lawson,"$371,432 ","$1,761,752 ",$0 ,$0 ,1.4405471614565883
524,Jared Rhoden,"$307,089 ","$1,761,752 ",$0 ,$0 ,1.446628682956063
524,Louis King,"$307,089 ","$1,761,752 ",$0 ,$0 ,1.446628682956063
526,Robert Woodard,"$300,000 ",$0 ,$0 ,$0 ,1.4587917259550125
527,Didi Louzada,"$268,032 ","$268,032 ","$268,032 ","$268,032 ",1.4648732474544872
528,Jarrett Culver,"$260,295 ",$0 ,$0 ,$0 ,1.470954768953962
529,Olivier Sarr,"$257,371 ",$0 ,$0 ,$0 ,1.4770362904534369
530,Alondes Williams,"$254,446 ",$0 ,$0 ,$0 ,1.4831178119529116
531,DJ Wilson,"$250,000 ",$0 ,$0 ,$0 ,1.4891993334523863
532,Donovan Williams,"$239,822 ","$1,761,752 ",$0 ,$0 ,1.495280854951861
533,Quenton Jackson,"$219,630 ","$547,349 ",$0 ,$0 ,1.5013623764513357
534,Chris Silva,"$211,045 ",$0 ,$0 ,$0 ,1.5074438979508105
535,Tyler Dorsey,"$201,802 ",$0 ,$0 ,$0 ,1.5135254194502852
535,Braxton Key,"$201,802 ",$0 ,$0 ,$0 ,1.5135254194502852
537,Jordan Hall,"$193,027 ",$0 ,$0 ,$0 ,1.5256884624492346
538,Alize Johnson,"$192,293 ",$0 ,$0 ,$0 ,1.5317699839487093
539,Kostas Antetokounmpo,"$172,555 ",$0 ,$0 ,$0 ,1.537851505448184
540,Devon Dotson,"$169,630 ",$0 ,$0 ,$0 ,1.5439330269476588
541,Mac McClung,"$160,856 ","$1,761,752 ",$0 ,$0 ,1.5500145484471335
542,Willie Cauley-Stein,"$155,738 ",$0 ,$0 ,$0 ,1.5560960699466082
543,Nate Darling,"$152,082 ",$0 ,$0 ,$0 ,1.562177591446083
544,Xavier Cooks,"$140,384 ","$1,719,864 ","$2,019,699 ","$2,187,451 ",1.5682591129455576
544,Keaton Wallace,"$140,384 ",$0 ,$0 ,$0 ,1.5682591129455576
546,Shaquille Harrison,"$134,862 ","$2,413,304 ",$0 ,$0 ,1.5804221559445073
547,Feron Hunt,"$131,610 ",$0 ,$0 ,$0 ,1.586503677443982
548,Lester Quinones,"$129,405 ",$0 ,$0 ,$0 ,1.5925851989434567
549,Troy Williams,"$122,741 ",$0 ,$0 ,$0 ,1.5986667204429315
550,Xavier Moon,"$116,986 ",$0 ,$0 ,$0 ,1.6047482419424062
550,Jamaree Bouyea,"$116,986 ",$0 ,$0 ,$0 ,1.6047482419424062
550,Jay Huff,"$116,986 ",$0 ,$0 ,$0 ,1.6047482419424062
553,Skylar Mays,"$116,574 ",$0 ,$0 ,$0 ,1.6229928064408303
554,Frank Jackson,"$113,114 ",$0 ,$0 ,$0 ,1.629074327940305
555,Michael Foster,"$106,288 ",$0 ,$0 ,$0 ,1.6351558494397798
556,Deonte Burton,"$105,522 ",$0 ,$0 ,$0 ,1.6412373709392545
556,Jarrell Brantley,"$105,522 ",$0 ,$0 ,$0 ,1.6412373709392545
558,Xavier Sneed,"$102,910 ","$547,349 ",$0 ,$0 ,1.653400413938204
559,Justin Lewis,"$102,363 ",$0 ,$0 ,$0 ,1.6594819354376786
560,Lindell Wigginton,"$99,438 ","$547,349 ",$0 ,$0 ,1.6655634569371534
561,Jordan Schakel,"$96,514 ",$0 ,$0 ,$0 ,1.671644978436628
562,Demetrius Jackson,"$92,857 ","$92,857 ",$0 ,$0 ,1.6777264999361028
563,Stanley Umude,"$58,493 ",$0 ,$0 ,$0 ,1.6838080214355777
564,Jeenathan Williams,"$52,644 ","$1,719,864 ",$0 ,$0 ,1.6898895429350524
565,DJ Steward,"$50,000 ",$0 ,$0 ,$0 ,1.6959710644345272
565,Armoni Brooks,"$50,000 ",$0 ,$0 ,$0 ,1.6959710644345272
567,Jay Scrubb,"$49,719 ","$547,349 ",$0 ,$0 ,1.7081341074334766
568,Justin Minaya,"$35,096 ",$0 ,$0 ,$0 ,1.7142156289329513
569,Kobi Simmons,"$32,795 ","$2,066,585 ",$0 ,$0 ,1.720297150432426
570,Gabe York,"$32,171 ",$0 ,$0 ,$0 ,1.7263786719319008
571,Ibou Badji,"$18,226 ","$1,761,752 ",$0 ,$0 ,1.7324601934313755
572,Tristan Thompson,"$16,700 ",$0 ,$0 ,$0 ,1.7385417149308502
573,RaiQuan Gray,"$5,849 ","$547,349 ",$0 ,$0 ,1.744623236430325
573,Jacob Gilyard,"$5,849 ","$547,349 ",$0 ,$0 ,1.744623236430325
